epoch, 1
IH, 0.699583, HO, 0.808967
-1<=w<-0.8 : 5089, 498
-0.8<=w<-0.6 : , 32, 2416
-0.6<=w<-0.4 : , 0, 359
-0.4<=w<-0.2 : , 0, 2102
-0.2<=w<0 : , 0, 230
0<=w<-0.2 : , , 0, 59
0.2<=w<0.4 : , 0, 1766
0.4<=w<0.6 : , 1, 83
0.6<=w<0.8 : , 30, 1827
0.8<=w<=1 : , 2461, 490
epoch, 2
IH, 0.692181, HO, 0.817388
-1<=w<-0.8 : 5335, 367
-0.8<=w<-0.6 : , 39, 2450
-0.6<=w<-0.4 : , 0, 374
-0.4<=w<-0.2 : , 0, 2140
-0.2<=w<0 : , 0, 236
0<=w<-0.2 : , , 0, 62
0.2<=w<0.4 : , 0, 1807
0.4<=w<0.6 : , 1, 87
0.6<=w<0.8 : , 37, 1862
0.8<=w<=1 : , 2520, 324
epoch, 3
IH, 0.702292, HO, 0.797399
-1<=w<-0.8 : 5462, 332
-0.8<=w<-0.6 : , 40, 2446
-0.6<=w<-0.4 : , 0, 378
-0.4<=w<-0.2 : , 0, 2150
-0.2<=w<0 : , 0, 239
0<=w<-0.2 : , , 0, 66
0.2<=w<0.4 : , 0, 1815
0.4<=w<0.6 : , 1, 89
0.6<=w<0.8 : , 40, 1870
0.8<=w<=1 : , 2534, 250
epoch, 4
IH, 0.713796, HO, 0.827389
-1<=w<-0.8 : 5527, 325
-0.8<=w<-0.6 : , 41, 2450
-0.6<=w<-0.4 : , 0, 384
-0.4<=w<-0.2 : , 0, 2157
-0.2<=w<0 : , 0, 241
0<=w<-0.2 : , , 0, 65
0.2<=w<0.4 : , 0, 1815
0.4<=w<0.6 : , 3, 92
0.6<=w<0.8 : , 41, 1871
0.8<=w<=1 : , 2546, 233
epoch, 5
IH, 0.715706, HO, 0.831012
-1<=w<-0.8 : 5594, 320
-0.8<=w<-0.6 : , 46, 2442
-0.6<=w<-0.4 : , 0, 391
-0.4<=w<-0.2 : , 0, 2154
-0.2<=w<0 : , 0, 245
0<=w<-0.2 : , , 0, 66
0.2<=w<0.4 : , 0, 1816
0.4<=w<0.6 : , 3, 94
0.6<=w<0.8 : , 41, 1869
0.8<=w<=1 : , 2553, 222
epoch, 6
IH, 0.710439, HO, 0.834098
-1<=w<-0.8 : 5653, 315
-0.8<=w<-0.6 : , 48, 2434
-0.6<=w<-0.4 : , 0, 392
-0.4<=w<-0.2 : , 0, 2158
-0.2<=w<0 : , 0, 243
0<=w<-0.2 : , , 0, 66
0.2<=w<0.4 : , 0, 1818
0.4<=w<0.6 : , 3, 95
0.6<=w<0.8 : , 45, 1871
0.8<=w<=1 : , 2563, 207
epoch, 7
IH, 0.705263, HO, 0.8241
-1<=w<-0.8 : 5737, 306
-0.8<=w<-0.6 : , 47, 2423
-0.6<=w<-0.4 : , 0, 392
-0.4<=w<-0.2 : , 0, 2152
-0.2<=w<0 : , 0, 246
0<=w<-0.2 : , , 1, 66
0.2<=w<0.4 : , 0, 1821
0.4<=w<0.6 : , 3, 95
0.6<=w<0.8 : , 43, 1870
0.8<=w<=1 : , 2564, 197
epoch, 8
IH, 0.698785, HO, 0.803861
-1<=w<-0.8 : 5765, 306
-0.8<=w<-0.6 : , 49, 2424
-0.6<=w<-0.4 : , 0, 397
-0.4<=w<-0.2 : , 0, 2148
-0.2<=w<0 : , 0, 249
0<=w<-0.2 : , , 1, 66
0.2<=w<0.4 : , 0, 1820
0.4<=w<0.6 : , 3, 96
0.6<=w<0.8 : , 45, 1871
0.8<=w<=1 : , 2563, 193
epoch, 9
IH, 0.690254, HO, 0.807562
-1<=w<-0.8 : 5815, 305
-0.8<=w<-0.6 : , 48, 2416
-0.6<=w<-0.4 : , 0, 395
-0.4<=w<-0.2 : , 0, 2147
-0.2<=w<0 : , 0, 249
0<=w<-0.2 : , , 0, 66
0.2<=w<0.4 : , 1, 1820
0.4<=w<0.6 : , 2, 96
0.6<=w<0.8 : , 45, 1872
0.8<=w<=1 : , 2561, 192
epoch, 10
IH, 0.681058, HO, 0.796548
-1<=w<-0.8 : 5885, 295
-0.8<=w<-0.6 : , 48, 2411
-0.6<=w<-0.4 : , 0, 401
-0.4<=w<-0.2 : , 0, 2147
-0.2<=w<0 : , 0, 251
0<=w<-0.2 : , , 1, 68
0.2<=w<0.4 : , 0, 1820
0.4<=w<0.6 : , 3, 96
0.6<=w<0.8 : , 44, 1870
0.8<=w<=1 : , 2565, 186
epoch, 11
IH, 0.694417, HO, 0.828848
-1<=w<-0.8 : 5922, 297
-0.8<=w<-0.6 : , 51, 2409
-0.6<=w<-0.4 : , 0, 400
-0.4<=w<-0.2 : , 0, 2143
-0.2<=w<0 : , 0, 250
0<=w<-0.2 : , , 1, 68
0.2<=w<0.4 : , 0, 1818
0.4<=w<0.6 : , 3, 96
0.6<=w<0.8 : , 45, 1867
0.8<=w<=1 : , 2568, 177
epoch, 12
IH, 0.697342, HO, 0.815941
-1<=w<-0.8 : 5966, 312
-0.8<=w<-0.6 : , 50, 2394
-0.6<=w<-0.4 : , 0, 401
-0.4<=w<-0.2 : , 0, 2138
-0.2<=w<0 : , 0, 251
0<=w<-0.2 : , , 1, 68
0.2<=w<0.4 : , 0, 1816
0.4<=w<0.6 : , 3, 96
0.6<=w<0.8 : , 44, 1868
0.8<=w<=1 : , 2568, 171
epoch, 13
IH, 0.7, HO, 0.814262
-1<=w<-0.8 : 6020, 319
-0.8<=w<-0.6 : , 51, 2384
-0.6<=w<-0.4 : , 0, 400
-0.4<=w<-0.2 : , 0, 2135
-0.2<=w<0 : , 0, 248
0<=w<-0.2 : , , 1, 68
0.2<=w<0.4 : , 0, 1815
0.4<=w<0.6 : , 3, 96
0.6<=w<0.8 : , 43, 1866
0.8<=w<=1 : , 2571, 166
epoch, 14
IH, 0.692853, HO, 0.81032
-1<=w<-0.8 : 6050, 321
-0.8<=w<-0.6 : , 50, 2379
-0.6<=w<-0.4 : , 0, 401
-0.4<=w<-0.2 : , 0, 2133
-0.2<=w<0 : , 0, 248
0<=w<-0.2 : , , 1, 68
0.2<=w<0.4 : , 0, 1813
0.4<=w<0.6 : , 3, 97
0.6<=w<0.8 : , 43, 1861
0.8<=w<=1 : , 2574, 161
epoch, 15
IH, 0.696449, HO, 0.8476
-1<=w<-0.8 : 6078, 342
-0.8<=w<-0.6 : , 50, 2369
-0.6<=w<-0.4 : , 0, 403
-0.4<=w<-0.2 : , 0, 2132
-0.2<=w<0 : , 0, 246
0<=w<-0.2 : , , 1, 68
0.2<=w<0.4 : , 0, 1809
0.4<=w<0.6 : , 3, 97
0.6<=w<0.8 : , 42, 1857
0.8<=w<=1 : , 2580, 155
epoch, 16
IH, 0.702766, HO, 0.828735
-1<=w<-0.8 : 6133, 319
-0.8<=w<-0.6 : , 52, 2363
-0.6<=w<-0.4 : , 0, 404
-0.4<=w<-0.2 : , 0, 2131
-0.2<=w<0 : , 0, 245
0<=w<-0.2 : , , 1, 68
0.2<=w<0.4 : , 2, 1804
0.4<=w<0.6 : , 2, 97
0.6<=w<0.8 : , 43, 1854
0.8<=w<=1 : , 2581, 155
epoch, 17
IH, 0.714373, HO, 0.833838
-1<=w<-0.8 : 6168, 320
-0.8<=w<-0.6 : , 52, 2359
-0.6<=w<-0.4 : , 0, 405
-0.4<=w<-0.2 : , 0, 2128
-0.2<=w<0 : , 0, 245
0<=w<-0.2 : , , 2, 68
0.2<=w<0.4 : , 0, 1800
0.4<=w<0.6 : , 3, 96
0.6<=w<0.8 : , 42, 1854
0.8<=w<=1 : , 2579, 155
epoch, 18
IH, 0.706329, HO, 0.843263
-1<=w<-0.8 : 6208, 309
-0.8<=w<-0.6 : , 52, 2352
-0.6<=w<-0.4 : , 0, 407
-0.4<=w<-0.2 : , 0, 2127
-0.2<=w<0 : , 0, 246
0<=w<-0.2 : , , 2, 68
0.2<=w<0.4 : , 0, 1801
0.4<=w<0.6 : , 3, 96
0.6<=w<0.8 : , 43, 1851
0.8<=w<=1 : , 2581, 158
epoch, 19
IH, 0.71363, HO, 0.838909
-1<=w<-0.8 : 6223, 320
-0.8<=w<-0.6 : , 49, 2351
-0.6<=w<-0.4 : , 0, 408
-0.4<=w<-0.2 : , 0, 2126
-0.2<=w<0 : , 0, 245
0<=w<-0.2 : , , 2, 68
0.2<=w<0.4 : , 0, 1800
0.4<=w<0.6 : , 2, 96
0.6<=w<0.8 : , 44, 1850
0.8<=w<=1 : , 2581, 151
epoch, 20
IH, 0.709163, HO, 0.843961
-1<=w<-0.8 : 6252, 318
-0.8<=w<-0.6 : , 53, 2351
-0.6<=w<-0.4 : , 0, 408
-0.4<=w<-0.2 : , 0, 2123
-0.2<=w<0 : , 0, 246
0<=w<-0.2 : , , 2, 68
0.2<=w<0.4 : , 0, 1797
0.4<=w<0.6 : , 2, 96
0.6<=w<0.8 : , 41, 1850
0.8<=w<=1 : , 2585, 150
epoch, 21
IH, 0.710185, HO, 0.840648
-1<=w<-0.8 : 6278, 318
-0.8<=w<-0.6 : , 54, 2347
-0.6<=w<-0.4 : , 0, 409
-0.4<=w<-0.2 : , 0, 2119
-0.2<=w<0 : , 0, 246
0<=w<-0.2 : , , 2, 68
0.2<=w<0.4 : , 0, 1797
0.4<=w<0.6 : , 2, 96
0.6<=w<0.8 : , 41, 1848
0.8<=w<=1 : , 2583, 150
epoch, 22
IH, 0.696404, HO, 0.834695
-1<=w<-0.8 : 6312, 315
-0.8<=w<-0.6 : , 54, 2335
-0.6<=w<-0.4 : , 0, 409
-0.4<=w<-0.2 : , 0, 2119
-0.2<=w<0 : , 0, 245
0<=w<-0.2 : , , 2, 68
0.2<=w<0.4 : , 0, 1797
0.4<=w<0.6 : , 2, 96
0.6<=w<0.8 : , 42, 1845
0.8<=w<=1 : , 2587, 149
epoch, 23
IH, 0.707386, HO, 0.843981
-1<=w<-0.8 : 6324, 323
-0.8<=w<-0.6 : , 56, 2327
-0.6<=w<-0.4 : , 0, 409
-0.4<=w<-0.2 : , 0, 2119
-0.2<=w<0 : , 0, 245
0<=w<-0.2 : , , 2, 68
0.2<=w<0.4 : , 1, 1796
0.4<=w<0.6 : , 2, 97
0.6<=w<0.8 : , 41, 1847
0.8<=w<=1 : , 2585, 149
epoch, 24
IH, 0.712727, HO, 0.842204
-1<=w<-0.8 : 6351, 315
-0.8<=w<-0.6 : , 58, 2326
-0.6<=w<-0.4 : , 0, 410
-0.4<=w<-0.2 : , 0, 2117
-0.2<=w<0 : , 0, 246
0<=w<-0.2 : , , 2, 68
0.2<=w<0.4 : , 1, 1795
0.4<=w<0.6 : , 2, 97
0.6<=w<0.8 : , 43, 1848
0.8<=w<=1 : , 2584, 149
epoch, 25
IH, 0.691691, HO, 0.835076
-1<=w<-0.8 : 6372, 317
-0.8<=w<-0.6 : , 61, 2323
-0.6<=w<-0.4 : , 0, 410
-0.4<=w<-0.2 : , 0, 2114
-0.2<=w<0 : , 0, 245
0<=w<-0.2 : , , 2, 68
0.2<=w<0.4 : , 2, 1795
0.4<=w<0.6 : , 2, 97
0.6<=w<0.8 : , 43, 1847
0.8<=w<=1 : , 2584, 144
epoch, 26
IH, 0.708333, HO, 0.839363
-1<=w<-0.8 : 6404, 311
-0.8<=w<-0.6 : , 65, 2318
-0.6<=w<-0.4 : , 0, 411
-0.4<=w<-0.2 : , 0, 2113
-0.2<=w<0 : , 0, 246
0<=w<-0.2 : , , 2, 68
0.2<=w<0.4 : , 2, 1792
0.4<=w<0.6 : , 2, 97
0.6<=w<0.8 : , 42, 1846
0.8<=w<=1 : , 2588, 145
epoch, 27
IH, 0.719503, HO, 0.836447
-1<=w<-0.8 : 6441, 301
-0.8<=w<-0.6 : , 62, 2314
-0.6<=w<-0.4 : , 0, 412
-0.4<=w<-0.2 : , 0, 2115
-0.2<=w<0 : , 0, 244
0<=w<-0.2 : , , 2, 68
0.2<=w<0.4 : , 2, 1793
0.4<=w<0.6 : , 2, 97
0.6<=w<0.8 : , 42, 1846
0.8<=w<=1 : , 2588, 142
epoch, 28
IH, 0.720191, HO, 0.830343
-1<=w<-0.8 : 6458, 309
-0.8<=w<-0.6 : , 62, 2312
-0.6<=w<-0.4 : , 0, 413
-0.4<=w<-0.2 : , 0, 2119
-0.2<=w<0 : , 0, 244
0<=w<-0.2 : , , 2, 68
0.2<=w<0.4 : , 2, 1793
0.4<=w<0.6 : , 2, 97
0.6<=w<0.8 : , 42, 1844
0.8<=w<=1 : , 2593, 140
epoch, 29
IH, 0.713706, HO, 0.829354
-1<=w<-0.8 : 6469, 314
-0.8<=w<-0.6 : , 63, 2305
-0.6<=w<-0.4 : , 0, 413
-0.4<=w<-0.2 : , 0, 2119
-0.2<=w<0 : , 0, 244
0<=w<-0.2 : , , 2, 68
0.2<=w<0.4 : , 3, 1793
0.4<=w<0.6 : , 1, 97
0.6<=w<0.8 : , 44, 1842
0.8<=w<=1 : , 2593, 139
epoch, 30
IH, 0.70915, HO, 0.823833
-1<=w<-0.8 : 6493, 304
-0.8<=w<-0.6 : , 66, 2302
-0.6<=w<-0.4 : , 0, 416
-0.4<=w<-0.2 : , 0, 2115
-0.2<=w<0 : , 0, 244
0<=w<-0.2 : , , 2, 68
0.2<=w<0.4 : , 3, 1793
0.4<=w<0.6 : , 2, 97
0.6<=w<0.8 : , 43, 1841
0.8<=w<=1 : , 2594, 138
epoch, 31
IH, 0.711314, HO, 0.828836
-1<=w<-0.8 : 6500, 319
-0.8<=w<-0.6 : , 65, 2302
-0.6<=w<-0.4 : , 0, 415
-0.4<=w<-0.2 : , 0, 2117
-0.2<=w<0 : , 0, 244
0<=w<-0.2 : , , 2, 68
0.2<=w<0.4 : , 3, 1793
0.4<=w<0.6 : , 2, 97
0.6<=w<0.8 : , 43, 1840
0.8<=w<=1 : , 2596, 142
epoch, 32
IH, 0.71343, HO, 0.852649
-1<=w<-0.8 : 6539, 310
-0.8<=w<-0.6 : , 66, 2298
-0.6<=w<-0.4 : , 0, 414
-0.4<=w<-0.2 : , 0, 2117
-0.2<=w<0 : , 0, 243
0<=w<-0.2 : , , 2, 68
0.2<=w<0.4 : , 3, 1792
0.4<=w<0.6 : , 2, 97
0.6<=w<0.8 : , 43, 1835
0.8<=w<=1 : , 2591, 140
epoch, 33
IH, 0.718668, HO, 0.860763
-1<=w<-0.8 : 6546, 334
-0.8<=w<-0.6 : , 64, 2292
-0.6<=w<-0.4 : , 0, 414
-0.4<=w<-0.2 : , 0, 2117
-0.2<=w<0 : , 0, 243
0<=w<-0.2 : , , 2, 68
0.2<=w<0.4 : , 2, 1792
0.4<=w<0.6 : , 1, 97
0.6<=w<0.8 : , 44, 1834
0.8<=w<=1 : , 2590, 139
epoch, 34
IH, 0.727434, HO, 0.849073
-1<=w<-0.8 : 6576, 329
-0.8<=w<-0.6 : , 61, 2289
-0.6<=w<-0.4 : , 0, 414
-0.4<=w<-0.2 : , 0, 2114
-0.2<=w<0 : , 0, 243
0<=w<-0.2 : , , 2, 68
0.2<=w<0.4 : , 2, 1792
0.4<=w<0.6 : , 1, 97
0.6<=w<0.8 : , 44, 1832
0.8<=w<=1 : , 2590, 136
epoch, 35
IH, 0.727191, HO, 0.854453
-1<=w<-0.8 : 6582, 346
-0.8<=w<-0.6 : , 64, 2286
-0.6<=w<-0.4 : , 0, 413
-0.4<=w<-0.2 : , 0, 2110
-0.2<=w<0 : , 0, 243
0<=w<-0.2 : , , 2, 68
0.2<=w<0.4 : , 2, 1791
0.4<=w<0.6 : , 1, 97
0.6<=w<0.8 : , 44, 1832
0.8<=w<=1 : , 2591, 136
epoch, 36
IH, 0.734375, HO, 0.867747
-1<=w<-0.8 : 6610, 345
-0.8<=w<-0.6 : , 64, 2282
-0.6<=w<-0.4 : , 0, 414
-0.4<=w<-0.2 : , 0, 2109
-0.2<=w<0 : , 0, 243
0<=w<-0.2 : , , 2, 68
0.2<=w<0.4 : , 2, 1791
0.4<=w<0.6 : , 2, 97
0.6<=w<0.8 : , 43, 1830
0.8<=w<=1 : , 2586, 136
epoch, 37
IH, 0.726336, HO, 0.859015
-1<=w<-0.8 : 6642, 342
-0.8<=w<-0.6 : , 63, 2281
-0.6<=w<-0.4 : , 0, 415
-0.4<=w<-0.2 : , 0, 2108
-0.2<=w<0 : , 0, 243
0<=w<-0.2 : , , 2, 68
0.2<=w<0.4 : , 2, 1791
0.4<=w<0.6 : , 2, 97
0.6<=w<0.8 : , 43, 1828
0.8<=w<=1 : , 2589, 134
epoch, 38
IH, 0.718868, HO, 0.856532
-1<=w<-0.8 : 6664, 343
-0.8<=w<-0.6 : , 63, 2279
-0.6<=w<-0.4 : , 0, 414
-0.4<=w<-0.2 : , 0, 2107
-0.2<=w<0 : , 0, 244
0<=w<-0.2 : , , 2, 68
0.2<=w<0.4 : , 2, 1788
0.4<=w<0.6 : , 2, 97
0.6<=w<0.8 : , 44, 1828
0.8<=w<=1 : , 2586, 135
epoch, 39
IH, 0.713052, HO, 0.852095
-1<=w<-0.8 : 6694, 335
-0.8<=w<-0.6 : , 65, 2273
-0.6<=w<-0.4 : , 0, 413
-0.4<=w<-0.2 : , 0, 2107
-0.2<=w<0 : , 0, 242
0<=w<-0.2 : , , 2, 68
0.2<=w<0.4 : , 2, 1788
0.4<=w<0.6 : , 1, 97
0.6<=w<0.8 : , 43, 1827
0.8<=w<=1 : , 2585, 134
epoch, 40
IH, 0.728599, HO, 0.858901
-1<=w<-0.8 : 6712, 340
-0.8<=w<-0.6 : , 62, 2270
-0.6<=w<-0.4 : , 0, 413
-0.4<=w<-0.2 : , 0, 2105
-0.2<=w<0 : , 0, 242
0<=w<-0.2 : , , 2, 68
0.2<=w<0.4 : , 2, 1788
0.4<=w<0.6 : , 2, 97
0.6<=w<0.8 : , 41, 1826
0.8<=w<=1 : , 2586, 134
epoch, 41
IH, 0.730545, HO, 0.858081
-1<=w<-0.8 : 6733, 340
-0.8<=w<-0.6 : , 64, 2267
-0.6<=w<-0.4 : , 0, 414
-0.4<=w<-0.2 : , 0, 2104
-0.2<=w<0 : , 0, 242
0<=w<-0.2 : , , 2, 68
0.2<=w<0.4 : , 2, 1788
0.4<=w<0.6 : , 2, 97
0.6<=w<0.8 : , 42, 1826
0.8<=w<=1 : , 2584, 135
epoch, 42
IH, 0.733465, HO, 0.858205
-1<=w<-0.8 : 6739, 345
-0.8<=w<-0.6 : , 64, 2265
-0.6<=w<-0.4 : , 0, 414
-0.4<=w<-0.2 : , 0, 2103
-0.2<=w<0 : , 0, 242
0<=w<-0.2 : , , 2, 68
0.2<=w<0.4 : , 2, 1786
0.4<=w<0.6 : , 2, 97
0.6<=w<0.8 : , 42, 1824
0.8<=w<=1 : , 2583, 137
epoch, 43
IH, 0.742714, HO, 0.849716
-1<=w<-0.8 : 6765, 332
-0.8<=w<-0.6 : , 64, 2265
-0.6<=w<-0.4 : , 0, 414
-0.4<=w<-0.2 : , 0, 2102
-0.2<=w<0 : , 0, 241
0<=w<-0.2 : , , 2, 68
0.2<=w<0.4 : , 2, 1786
0.4<=w<0.6 : , 2, 97
0.6<=w<0.8 : , 43, 1823
0.8<=w<=1 : , 2584, 135
epoch, 44
IH, 0.740326, HO, 0.862672
-1<=w<-0.8 : 6774, 335
-0.8<=w<-0.6 : , 69, 2263
-0.6<=w<-0.4 : , 0, 413
-0.4<=w<-0.2 : , 0, 2101
-0.2<=w<0 : , 0, 240
0<=w<-0.2 : , , 2, 68
0.2<=w<0.4 : , 2, 1785
0.4<=w<0.6 : , 1, 97
0.6<=w<0.8 : , 43, 1823
0.8<=w<=1 : , 2583, 135
epoch, 45
IH, 0.721026, HO, 0.865445
-1<=w<-0.8 : 6795, 338
-0.8<=w<-0.6 : , 67, 2257
-0.6<=w<-0.4 : , 0, 413
-0.4<=w<-0.2 : , 0, 2101
-0.2<=w<0 : , 0, 239
0<=w<-0.2 : , , 1, 68
0.2<=w<0.4 : , 3, 1783
0.4<=w<0.6 : , 3, 97
0.6<=w<0.8 : , 41, 1820
0.8<=w<=1 : , 2582, 134
epoch, 46
IH, 0.725673, HO, 0.872571
-1<=w<-0.8 : 6813, 346
-0.8<=w<-0.6 : , 66, 2252
-0.6<=w<-0.4 : , 0, 413
-0.4<=w<-0.2 : , 0, 2096
-0.2<=w<0 : , 0, 238
0<=w<-0.2 : , , 2, 68
0.2<=w<0.4 : , 2, 1783
0.4<=w<0.6 : , 2, 97
0.6<=w<0.8 : , 41, 1818
0.8<=w<=1 : , 2583, 134
epoch, 47
IH, 0.729758, HO, 0.863519
-1<=w<-0.8 : 6843, 334
-0.8<=w<-0.6 : , 65, 2250
-0.6<=w<-0.4 : , 0, 413
-0.4<=w<-0.2 : , 0, 2095
-0.2<=w<0 : , 0, 237
0<=w<-0.2 : , , 1, 68
0.2<=w<0.4 : , 3, 1783
0.4<=w<0.6 : , 1, 97
0.6<=w<0.8 : , 42, 1819
0.8<=w<=1 : , 2583, 132
epoch, 48
IH, 0.726886, HO, 0.868609
-1<=w<-0.8 : 6859, 339
-0.8<=w<-0.6 : , 66, 2245
-0.6<=w<-0.4 : , 0, 412
-0.4<=w<-0.2 : , 0, 2093
-0.2<=w<0 : , 0, 237
0<=w<-0.2 : , , 2, 68
0.2<=w<0.4 : , 2, 1782
0.4<=w<0.6 : , 2, 97
0.6<=w<0.8 : , 41, 1819
0.8<=w<=1 : , 2580, 132
epoch, 49
IH, 0.72776, HO, 0.860698
-1<=w<-0.8 : 6861, 351
-0.8<=w<-0.6 : , 69, 2240
-0.6<=w<-0.4 : , 0, 411
-0.4<=w<-0.2 : , 0, 2091
-0.2<=w<0 : , 0, 237
0<=w<-0.2 : , , 2, 68
0.2<=w<0.4 : , 2, 1780
0.4<=w<0.6 : , 2, 97
0.6<=w<0.8 : , 42, 1818
0.8<=w<=1 : , 2580, 130
epoch, 50
IH, 0.709883, HO, 0.864601
-1<=w<-0.8 : 6884, 349
-0.8<=w<-0.6 : , 69, 2236
-0.6<=w<-0.4 : , 0, 411
-0.4<=w<-0.2 : , 0, 2090
-0.2<=w<0 : , 0, 237
0<=w<-0.2 : , , 2, 68
0.2<=w<0.4 : , 2, 1777
0.4<=w<0.6 : , 1, 97
0.6<=w<0.8 : , 43, 1818
0.8<=w<=1 : , 2579, 128
epoch, 51
IH, 0.724731, HO, 0.862633
-1<=w<-0.8 : 6901, 347
-0.8<=w<-0.6 : , 71, 2234
-0.6<=w<-0.4 : , 0, 411
-0.4<=w<-0.2 : , 0, 2089
-0.2<=w<0 : , 0, 237
0<=w<-0.2 : , , 2, 68
0.2<=w<0.4 : , 2, 1775
0.4<=w<0.6 : , 1, 97
0.6<=w<0.8 : , 43, 1817
0.8<=w<=1 : , 2580, 126
epoch, 52
IH, 0.715352, HO, 0.855442
-1<=w<-0.8 : 6932, 336
-0.8<=w<-0.6 : , 70, 2233
-0.6<=w<-0.4 : , 0, 409
-0.4<=w<-0.2 : , 0, 2089
-0.2<=w<0 : , 0, 238
0<=w<-0.2 : , , 2, 68
0.2<=w<0.4 : , 2, 1773
0.4<=w<0.6 : , 2, 98
0.6<=w<0.8 : , 42, 1815
0.8<=w<=1 : , 2579, 126
epoch, 53
IH, 0.710753, HO, 0.852866
-1<=w<-0.8 : 6925, 363
-0.8<=w<-0.6 : , 70, 2232
-0.6<=w<-0.4 : , 0, 409
-0.4<=w<-0.2 : , 0, 2088
-0.2<=w<0 : , 0, 238
0<=w<-0.2 : , , 2, 68
0.2<=w<0.4 : , 2, 1772
0.4<=w<0.6 : , 1, 98
0.6<=w<0.8 : , 44, 1813
0.8<=w<=1 : , 2580, 126
epoch, 54
IH, 0.721311, HO, 0.853345
-1<=w<-0.8 : 6946, 354
-0.8<=w<-0.6 : , 72, 2231
-0.6<=w<-0.4 : , 0, 408
-0.4<=w<-0.2 : , 0, 2087
-0.2<=w<0 : , 0, 237
0<=w<-0.2 : , , 2, 68
0.2<=w<0.4 : , 2, 1771
0.4<=w<0.6 : , 2, 98
0.6<=w<0.8 : , 43, 1813
0.8<=w<=1 : , 2580, 125
epoch, 55
IH, 0.727876, HO, 0.849089
-1<=w<-0.8 : 6973, 337
-0.8<=w<-0.6 : , 73, 2230
-0.6<=w<-0.4 : , 0, 407
-0.4<=w<-0.2 : , 0, 2086
-0.2<=w<0 : , 0, 237
0<=w<-0.2 : , , 2, 68
0.2<=w<0.4 : , 2, 1770
0.4<=w<0.6 : , 2, 98
0.6<=w<0.8 : , 42, 1812
0.8<=w<=1 : , 2581, 122
epoch, 56
IH, 0.714602, HO, 0.846744
-1<=w<-0.8 : 6983, 346
-0.8<=w<-0.6 : , 71, 2229
-0.6<=w<-0.4 : , 0, 407
-0.4<=w<-0.2 : , 0, 2084
-0.2<=w<0 : , 0, 236
0<=w<-0.2 : , , 2, 68
0.2<=w<0.4 : , 2, 1769
0.4<=w<0.6 : , 3, 98
0.6<=w<0.8 : , 42, 1811
0.8<=w<=1 : , 2579, 120
epoch, 57
IH, 0.725028, HO, 0.853478
-1<=w<-0.8 : 6986, 354
-0.8<=w<-0.6 : , 70, 2229
-0.6<=w<-0.4 : , 0, 407
-0.4<=w<-0.2 : , 0, 2082
-0.2<=w<0 : , 0, 236
0<=w<-0.2 : , , 2, 68
0.2<=w<0.4 : , 2, 1769
0.4<=w<0.6 : , 4, 98
0.6<=w<0.8 : , 42, 1809
0.8<=w<=1 : , 2578, 122
epoch, 58
IH, 0.717295, HO, 0.845062
-1<=w<-0.8 : 7018, 338
-0.8<=w<-0.6 : , 69, 2227
-0.6<=w<-0.4 : , 0, 407
-0.4<=w<-0.2 : , 0, 2082
-0.2<=w<0 : , 0, 236
0<=w<-0.2 : , , 2, 68
0.2<=w<0.4 : , 2, 1768
0.4<=w<0.6 : , 3, 98
0.6<=w<0.8 : , 43, 1806
0.8<=w<=1 : , 2583, 124
epoch, 59
IH, 0.726457, HO, 0.854048
-1<=w<-0.8 : 7031, 341
-0.8<=w<-0.6 : , 69, 2224
-0.6<=w<-0.4 : , 0, 407
-0.4<=w<-0.2 : , 0, 2081
-0.2<=w<0 : , 0, 235
0<=w<-0.2 : , , 2, 68
0.2<=w<0.4 : , 2, 1765
0.4<=w<0.6 : , 5, 98
0.6<=w<0.8 : , 43, 1805
0.8<=w<=1 : , 2583, 122
epoch, 60
IH, 0.733788, HO, 0.856897
-1<=w<-0.8 : 7068, 323
-0.8<=w<-0.6 : , 69, 2221
-0.6<=w<-0.4 : , 0, 406
-0.4<=w<-0.2 : , 0, 2081
-0.2<=w<0 : , 0, 236
0<=w<-0.2 : , , 2, 68
0.2<=w<0.4 : , 2, 1765
0.4<=w<0.6 : , 4, 98
0.6<=w<0.8 : , 44, 1805
0.8<=w<=1 : , 2582, 122
epoch, 61
IH, 0.734926, HO, 0.864436
-1<=w<-0.8 : 7060, 349
-0.8<=w<-0.6 : , 70, 2217
-0.6<=w<-0.4 : , 0, 405
-0.4<=w<-0.2 : , 0, 2079
-0.2<=w<0 : , 0, 236
0<=w<-0.2 : , , 1, 68
0.2<=w<0.4 : , 2, 1765
0.4<=w<0.6 : , 4, 98
0.6<=w<0.8 : , 43, 1804
0.8<=w<=1 : , 2585, 122
epoch, 62
IH, 0.749129, HO, 0.866246
-1<=w<-0.8 : 7072, 350
-0.8<=w<-0.6 : , 70, 2218
-0.6<=w<-0.4 : , 0, 405
-0.4<=w<-0.2 : , 0, 2078
-0.2<=w<0 : , 0, 236
0<=w<-0.2 : , , 2, 68
0.2<=w<0.4 : , 1, 1764
0.4<=w<0.6 : , 3, 98
0.6<=w<0.8 : , 45, 1804
0.8<=w<=1 : , 2585, 118
epoch, 63
IH, 0.753792, HO, 0.86584
-1<=w<-0.8 : 7101, 336
-0.8<=w<-0.6 : , 69, 2217
-0.6<=w<-0.4 : , 0, 404
-0.4<=w<-0.2 : , 0, 2079
-0.2<=w<0 : , 0, 236
0<=w<-0.2 : , , 1, 67
0.2<=w<0.4 : , 2, 1764
0.4<=w<0.6 : , 5, 98
0.6<=w<0.8 : , 42, 1803
0.8<=w<=1 : , 2587, 119
epoch, 64
IH, 0.745006, HO, 0.865146
-1<=w<-0.8 : 7096, 353
-0.8<=w<-0.6 : , 71, 2214
-0.6<=w<-0.4 : , 0, 404
-0.4<=w<-0.2 : , 0, 2077
-0.2<=w<0 : , 0, 235
0<=w<-0.2 : , , 1, 67
0.2<=w<0.4 : , 2, 1764
0.4<=w<0.6 : , 5, 98
0.6<=w<0.8 : , 43, 1803
0.8<=w<=1 : , 2583, 120
epoch, 65
IH, 0.734813, HO, 0.861534
-1<=w<-0.8 : 7126, 339
-0.8<=w<-0.6 : , 71, 2215
-0.6<=w<-0.4 : , 0, 404
-0.4<=w<-0.2 : , 0, 2076
-0.2<=w<0 : , 0, 235
0<=w<-0.2 : , , 1, 67
0.2<=w<0.4 : , 2, 1762
0.4<=w<0.6 : , 5, 98
0.6<=w<0.8 : , 42, 1802
0.8<=w<=1 : , 2583, 122
epoch, 66
IH, 0.737278, HO, 0.862446
-1<=w<-0.8 : 7132, 347
-0.8<=w<-0.6 : , 72, 2213
-0.6<=w<-0.4 : , 0, 404
-0.4<=w<-0.2 : , 0, 2075
-0.2<=w<0 : , 0, 235
0<=w<-0.2 : , , 1, 67
0.2<=w<0.4 : , 2, 1760
0.4<=w<0.6 : , 4, 98
0.6<=w<0.8 : , 43, 1802
0.8<=w<=1 : , 2579, 120
epoch, 67
IH, 0.730445, HO, 0.870483
-1<=w<-0.8 : 7159, 342
-0.8<=w<-0.6 : , 73, 2213
-0.6<=w<-0.4 : , 0, 405
-0.4<=w<-0.2 : , 0, 2071
-0.2<=w<0 : , 0, 235
0<=w<-0.2 : , , 1, 67
0.2<=w<0.4 : , 2, 1760
0.4<=w<0.6 : , 4, 98
0.6<=w<0.8 : , 44, 1801
0.8<=w<=1 : , 2575, 121
epoch, 68
IH, 0.729216, HO, 0.851394
-1<=w<-0.8 : 7180, 339
-0.8<=w<-0.6 : , 75, 2210
-0.6<=w<-0.4 : , 0, 405
-0.4<=w<-0.2 : , 0, 2069
-0.2<=w<0 : , 0, 236
0<=w<-0.2 : , , 1, 67
0.2<=w<0.4 : , 2, 1760
0.4<=w<0.6 : , 5, 98
0.6<=w<0.8 : , 43, 1801
0.8<=w<=1 : , 2575, 119
epoch, 69
IH, 0.718676, HO, 0.868605
-1<=w<-0.8 : 7195, 347
-0.8<=w<-0.6 : , 74, 2209
-0.6<=w<-0.4 : , 0, 404
-0.4<=w<-0.2 : , 0, 2067
-0.2<=w<0 : , 0, 236
0<=w<-0.2 : , , 1, 67
0.2<=w<0.4 : , 2, 1759
0.4<=w<0.6 : , 3, 98
0.6<=w<0.8 : , 45, 1800
0.8<=w<=1 : , 2578, 121
epoch, 70
IH, 0.725301, HO, 0.859659
-1<=w<-0.8 : 7208, 344
-0.8<=w<-0.6 : , 74, 2209
-0.6<=w<-0.4 : , 0, 404
-0.4<=w<-0.2 : , 0, 2066
-0.2<=w<0 : , 0, 236
0<=w<-0.2 : , , 1, 67
0.2<=w<0.4 : , 2, 1758
0.4<=w<0.6 : , 4, 98
0.6<=w<0.8 : , 45, 1800
0.8<=w<=1 : , 2578, 126
epoch, 71
IH, 0.725749, HO, 0.86787
-1<=w<-0.8 : 7202, 362
-0.8<=w<-0.6 : , 78, 2211
-0.6<=w<-0.4 : , 0, 404
-0.4<=w<-0.2 : , 0, 2064
-0.2<=w<0 : , 0, 235
0<=w<-0.2 : , , 1, 68
0.2<=w<0.4 : , 2, 1757
0.4<=w<0.6 : , 3, 98
0.6<=w<0.8 : , 46, 1798
0.8<=w<=1 : , 2580, 118
epoch, 72
IH, 0.724848, HO, 0.859008
-1<=w<-0.8 : 7241, 343
-0.8<=w<-0.6 : , 76, 2208
-0.6<=w<-0.4 : , 0, 404
-0.4<=w<-0.2 : , 0, 2062
-0.2<=w<0 : , 0, 235
0<=w<-0.2 : , , 1, 68
0.2<=w<0.4 : , 2, 1757
0.4<=w<0.6 : , 4, 98
0.6<=w<0.8 : , 44, 1798
0.8<=w<=1 : , 2580, 119
epoch, 73
IH, 0.724691, HO, 0.854825
-1<=w<-0.8 : 7251, 349
-0.8<=w<-0.6 : , 75, 2208
-0.6<=w<-0.4 : , 0, 403
-0.4<=w<-0.2 : , 0, 2063
-0.2<=w<0 : , 0, 235
0<=w<-0.2 : , , 2, 67
0.2<=w<0.4 : , 2, 1756
0.4<=w<0.6 : , 4, 98
0.6<=w<0.8 : , 46, 1798
0.8<=w<=1 : , 2578, 118
epoch, 74
IH, 0.710947, HO, 0.857514
-1<=w<-0.8 : 7267, 348
-0.8<=w<-0.6 : , 77, 2207
-0.6<=w<-0.4 : , 0, 404
-0.4<=w<-0.2 : , 0, 2059
-0.2<=w<0 : , 0, 235
0<=w<-0.2 : , , 2, 67
0.2<=w<0.4 : , 2, 1755
0.4<=w<0.6 : , 5, 97
0.6<=w<0.8 : , 45, 1799
0.8<=w<=1 : , 2576, 118
epoch, 75
IH, 0.703297, HO, 0.84029
-1<=w<-0.8 : 7277, 359
-0.8<=w<-0.6 : , 75, 2207
-0.6<=w<-0.4 : , 0, 404
-0.4<=w<-0.2 : , 0, 2058
-0.2<=w<0 : , 0, 235
0<=w<-0.2 : , , 2, 67
0.2<=w<0.4 : , 2, 1755
0.4<=w<0.6 : , 4, 97
0.6<=w<0.8 : , 46, 1798
0.8<=w<=1 : , 2572, 116
epoch, 76
IH, 0.714464, HO, 0.841431
-1<=w<-0.8 : 7288, 360
-0.8<=w<-0.6 : , 78, 2207
-0.6<=w<-0.4 : , 0, 404
-0.4<=w<-0.2 : , 0, 2057
-0.2<=w<0 : , 0, 236
0<=w<-0.2 : , , 2, 67
0.2<=w<0.4 : , 2, 1755
0.4<=w<0.6 : , 4, 97
0.6<=w<0.8 : , 45, 1798
0.8<=w<=1 : , 2575, 117
epoch, 77
IH, 0.696671, HO, 0.848925
-1<=w<-0.8 : 7323, 342
-0.8<=w<-0.6 : , 78, 2205
-0.6<=w<-0.4 : , 0, 403
-0.4<=w<-0.2 : , 0, 2056
-0.2<=w<0 : , 0, 236
0<=w<-0.2 : , , 2, 67
0.2<=w<0.4 : , 2, 1755
0.4<=w<0.6 : , 5, 97
0.6<=w<0.8 : , 44, 1797
0.8<=w<=1 : , 2576, 116
epoch, 78
IH, 0.694685, HO, 0.850733
-1<=w<-0.8 : 7329, 357
-0.8<=w<-0.6 : , 80, 2203
-0.6<=w<-0.4 : , 0, 402
-0.4<=w<-0.2 : , 0, 2056
-0.2<=w<0 : , 0, 235
0<=w<-0.2 : , , 2, 66
0.2<=w<0.4 : , 2, 1754
0.4<=w<0.6 : , 6, 97
0.6<=w<0.8 : , 42, 1795
0.8<=w<=1 : , 2577, 119
epoch, 79
IH, 0.712846, HO, 0.859027
-1<=w<-0.8 : 7337, 370
-0.8<=w<-0.6 : , 77, 2198
-0.6<=w<-0.4 : , 0, 402
-0.4<=w<-0.2 : , 0, 2055
-0.2<=w<0 : , 0, 235
0<=w<-0.2 : , , 2, 66
0.2<=w<0.4 : , 2, 1754
0.4<=w<0.6 : , 7, 97
0.6<=w<0.8 : , 41, 1795
0.8<=w<=1 : , 2575, 117
epoch, 80
IH, 0.711055, HO, 0.849648
-1<=w<-0.8 : 7354, 360
-0.8<=w<-0.6 : , 79, 2198
-0.6<=w<-0.4 : , 0, 401
-0.4<=w<-0.2 : , 0, 2055
-0.2<=w<0 : , 0, 234
0<=w<-0.2 : , , 2, 66
0.2<=w<0.4 : , 2, 1753
0.4<=w<0.6 : , 6, 97
0.6<=w<0.8 : , 42, 1795
0.8<=w<=1 : , 2575, 117
epoch, 81
IH, 0.716285, HO, 0.857521
-1<=w<-0.8 : 7352, 381
-0.8<=w<-0.6 : , 78, 2193
-0.6<=w<-0.4 : , 0, 400
-0.4<=w<-0.2 : , 0, 2054
-0.2<=w<0 : , 0, 234
0<=w<-0.2 : , , 2, 66
0.2<=w<0.4 : , 2, 1752
0.4<=w<0.6 : , 5, 97
0.6<=w<0.8 : , 42, 1795
0.8<=w<=1 : , 2575, 118
epoch, 82
IH, 0.702155, HO, 0.858952
-1<=w<-0.8 : 7378, 366
-0.8<=w<-0.6 : , 76, 2196
-0.6<=w<-0.4 : , 0, 400
-0.4<=w<-0.2 : , 0, 2052
-0.2<=w<0 : , 0, 233
0<=w<-0.2 : , , 2, 66
0.2<=w<0.4 : , 2, 1752
0.4<=w<0.6 : , 5, 97
0.6<=w<0.8 : , 42, 1795
0.8<=w<=1 : , 2576, 119
epoch, 83
IH, 0.703085, HO, 0.851479
-1<=w<-0.8 : 7400, 357
-0.8<=w<-0.6 : , 76, 2193
-0.6<=w<-0.4 : , 0, 400
-0.4<=w<-0.2 : , 0, 2052
-0.2<=w<0 : , 0, 233
0<=w<-0.2 : , , 2, 66
0.2<=w<0.4 : , 2, 1752
0.4<=w<0.6 : , 5, 97
0.6<=w<0.8 : , 43, 1795
0.8<=w<=1 : , 2575, 116
epoch, 84
IH, 0.705882, HO, 0.86312
-1<=w<-0.8 : 7415, 358
-0.8<=w<-0.6 : , 76, 2193
-0.6<=w<-0.4 : , 0, 400
-0.4<=w<-0.2 : , 0, 2050
-0.2<=w<0 : , 0, 233
0<=w<-0.2 : , , 2, 66
0.2<=w<0.4 : , 2, 1751
0.4<=w<0.6 : , 5, 96
0.6<=w<0.8 : , 43, 1794
0.8<=w<=1 : , 2575, 120
epoch, 85
IH, 0.712182, HO, 0.86025
-1<=w<-0.8 : 7439, 352
-0.8<=w<-0.6 : , 76, 2192
-0.6<=w<-0.4 : , 0, 400
-0.4<=w<-0.2 : , 0, 2047
-0.2<=w<0 : , 0, 232
0<=w<-0.2 : , , 2, 66
0.2<=w<0.4 : , 2, 1751
0.4<=w<0.6 : , 6, 96
0.6<=w<0.8 : , 43, 1794
0.8<=w<=1 : , 2574, 116
epoch, 86
IH, 0.717914, HO, 0.86573
-1<=w<-0.8 : 7430, 372
-0.8<=w<-0.6 : , 77, 2192
-0.6<=w<-0.4 : , 0, 399
-0.4<=w<-0.2 : , 0, 2045
-0.2<=w<0 : , 0, 232
0<=w<-0.2 : , , 1, 66
0.2<=w<0.4 : , 2, 1750
0.4<=w<0.6 : , 5, 96
0.6<=w<0.8 : , 44, 1794
0.8<=w<=1 : , 2574, 116
epoch, 87
IH, 0.738162, HO, 0.866787
-1<=w<-0.8 : 7441, 383
-0.8<=w<-0.6 : , 77, 2190
-0.6<=w<-0.4 : , 0, 399
-0.4<=w<-0.2 : , 0, 2044
-0.2<=w<0 : , 0, 232
0<=w<-0.2 : , , 1, 66
0.2<=w<0.4 : , 2, 1748
0.4<=w<0.6 : , 6, 96
0.6<=w<0.8 : , 43, 1792
0.8<=w<=1 : , 2575, 116
epoch, 88
IH, 0.735007, HO, 0.862964
-1<=w<-0.8 : 7469, 366
-0.8<=w<-0.6 : , 77, 2189
-0.6<=w<-0.4 : , 0, 398
-0.4<=w<-0.2 : , 0, 2045
-0.2<=w<0 : , 0, 232
0<=w<-0.2 : , , 1, 66
0.2<=w<0.4 : , 2, 1748
0.4<=w<0.6 : , 6, 96
0.6<=w<0.8 : , 43, 1792
0.8<=w<=1 : , 2578, 115
epoch, 89
IH, 0.718837, HO, 0.859723
-1<=w<-0.8 : 7470, 373
-0.8<=w<-0.6 : , 78, 2189
-0.6<=w<-0.4 : , 0, 399
-0.4<=w<-0.2 : , 0, 2043
-0.2<=w<0 : , 0, 232
0<=w<-0.2 : , , 1, 66
0.2<=w<0.4 : , 2, 1748
0.4<=w<0.6 : , 5, 96
0.6<=w<0.8 : , 44, 1791
0.8<=w<=1 : , 2579, 117
epoch, 90
IH, 0.718487, HO, 0.859729
-1<=w<-0.8 : 7468, 382
-0.8<=w<-0.6 : , 78, 2189
-0.6<=w<-0.4 : , 0, 399
-0.4<=w<-0.2 : , 0, 2043
-0.2<=w<0 : , 0, 234
0<=w<-0.2 : , , 1, 66
0.2<=w<0.4 : , 2, 1747
0.4<=w<0.6 : , 5, 96
0.6<=w<0.8 : , 44, 1791
0.8<=w<=1 : , 2578, 119
epoch, 91
IH, 0.712885, HO, 0.86209
-1<=w<-0.8 : 7491, 373
-0.8<=w<-0.6 : , 77, 2188
-0.6<=w<-0.4 : , 0, 399
-0.4<=w<-0.2 : , 0, 2040
-0.2<=w<0 : , 0, 234
0<=w<-0.2 : , , 1, 66
0.2<=w<0.4 : , 2, 1747
0.4<=w<0.6 : , 5, 96
0.6<=w<0.8 : , 44, 1790
0.8<=w<=1 : , 2577, 116
epoch, 92
IH, 0.720695, HO, 0.864758
-1<=w<-0.8 : 7498, 379
-0.8<=w<-0.6 : , 77, 2186
-0.6<=w<-0.4 : , 0, 399
-0.4<=w<-0.2 : , 0, 2038
-0.2<=w<0 : , 0, 234
0<=w<-0.2 : , , 1, 66
0.2<=w<0.4 : , 2, 1746
0.4<=w<0.6 : , 6, 96
0.6<=w<0.8 : , 43, 1789
0.8<=w<=1 : , 2577, 116
epoch, 93
IH, 0.703757, HO, 0.852224
-1<=w<-0.8 : 7523, 367
-0.8<=w<-0.6 : , 79, 2183
-0.6<=w<-0.4 : , 0, 399
-0.4<=w<-0.2 : , 0, 2036
-0.2<=w<0 : , 0, 233
0<=w<-0.2 : , , 1, 66
0.2<=w<0.4 : , 2, 1746
0.4<=w<0.6 : , 6, 96
0.6<=w<0.8 : , 44, 1789
0.8<=w<=1 : , 2573, 116
epoch, 94
IH, 0.725225, HO, 0.861272
-1<=w<-0.8 : 7525, 383
-0.8<=w<-0.6 : , 80, 2182
-0.6<=w<-0.4 : , 0, 399
-0.4<=w<-0.2 : , 0, 2035
-0.2<=w<0 : , 0, 233
0<=w<-0.2 : , , 1, 66
0.2<=w<0.4 : , 2, 1745
0.4<=w<0.6 : , 5, 96
0.6<=w<0.8 : , 45, 1789
0.8<=w<=1 : , 2571, 112
epoch, 95
IH, 0.728507, HO, 0.854735
-1<=w<-0.8 : 7537, 385
-0.8<=w<-0.6 : , 80, 2178
-0.6<=w<-0.4 : , 0, 399
-0.4<=w<-0.2 : , 0, 2035
-0.2<=w<0 : , 0, 233
0<=w<-0.2 : , , 1, 66
0.2<=w<0.4 : , 2, 1745
0.4<=w<0.6 : , 6, 96
0.6<=w<0.8 : , 43, 1788
0.8<=w<=1 : , 2571, 114
epoch, 96
IH, 0.732541, HO, 0.85509
-1<=w<-0.8 : 7558, 374
-0.8<=w<-0.6 : , 80, 2175
-0.6<=w<-0.4 : , 0, 401
-0.4<=w<-0.2 : , 0, 2036
-0.2<=w<0 : , 0, 232
0<=w<-0.2 : , , 1, 66
0.2<=w<0.4 : , 3, 1745
0.4<=w<0.6 : , 6, 96
0.6<=w<0.8 : , 42, 1788
0.8<=w<=1 : , 2572, 114
epoch, 97
IH, 0.738132, HO, 0.856093
-1<=w<-0.8 : 7562, 384
-0.8<=w<-0.6 : , 82, 2170
-0.6<=w<-0.4 : , 0, 402
-0.4<=w<-0.2 : , 0, 2036
-0.2<=w<0 : , 0, 231
0<=w<-0.2 : , , 1, 66
0.2<=w<0.4 : , 3, 1745
0.4<=w<0.6 : , 6, 96
0.6<=w<0.8 : , 42, 1788
0.8<=w<=1 : , 2569, 113
epoch, 98
IH, 0.704246, HO, 0.857012
-1<=w<-0.8 : 7545, 410
-0.8<=w<-0.6 : , 82, 2170
-0.6<=w<-0.4 : , 0, 402
-0.4<=w<-0.2 : , 0, 2035
-0.2<=w<0 : , 0, 231
0<=w<-0.2 : , , 1, 66
0.2<=w<0.4 : , 3, 1745
0.4<=w<0.6 : , 5, 96
0.6<=w<0.8 : , 43, 1787
0.8<=w<=1 : , 2569, 114
epoch, 99
IH, 0.704992, HO, 0.868478
-1<=w<-0.8 : 7592, 375
-0.8<=w<-0.6 : , 81, 2168
-0.6<=w<-0.4 : , 0, 402
-0.4<=w<-0.2 : , 0, 2034
-0.2<=w<0 : , 0, 231
0<=w<-0.2 : , , 1, 66
0.2<=w<0.4 : , 3, 1745
0.4<=w<0.6 : , 5, 96
0.6<=w<0.8 : , 44, 1787
0.8<=w<=1 : , 2567, 114
epoch, 100
IH, 0.712733, HO, 0.861941
-1<=w<-0.8 : 7586, 394
-0.8<=w<-0.6 : , 81, 2169
-0.6<=w<-0.4 : , 0, 401
-0.4<=w<-0.2 : , 0, 2033
-0.2<=w<0 : , 0, 231
0<=w<-0.2 : , , 1, 66
0.2<=w<0.4 : , 3, 1745
0.4<=w<0.6 : , 6, 96
0.6<=w<0.8 : , 44, 1786
0.8<=w<=1 : , 2564, 113
epoch, 101
IH, 0.699538, HO, 0.86396
-1<=w<-0.8 : 7601, 393
-0.8<=w<-0.6 : , 82, 2165
-0.6<=w<-0.4 : , 0, 401
-0.4<=w<-0.2 : , 0, 2032
-0.2<=w<0 : , 0, 231
0<=w<-0.2 : , , 1, 66
0.2<=w<0.4 : , 3, 1745
0.4<=w<0.6 : , 5, 95
0.6<=w<0.8 : , 45, 1786
0.8<=w<=1 : , 2565, 115
epoch, 102
IH, 0.712074, HO, 0.856211
-1<=w<-0.8 : 7624, 381
-0.8<=w<-0.6 : , 83, 2165
-0.6<=w<-0.4 : , 0, 400
-0.4<=w<-0.2 : , 0, 2030
-0.2<=w<0 : , 0, 231
0<=w<-0.2 : , , 1, 66
0.2<=w<0.4 : , 3, 1745
0.4<=w<0.6 : , 6, 95
0.6<=w<0.8 : , 43, 1785
0.8<=w<=1 : , 2566, 112
epoch, 103
IH, 0.719875, HO, 0.860218
-1<=w<-0.8 : 7635, 392
-0.8<=w<-0.6 : , 81, 2169
-0.6<=w<-0.4 : , 0, 399
-0.4<=w<-0.2 : , 0, 2031
-0.2<=w<0 : , 0, 231
0<=w<-0.2 : , , 1, 66
0.2<=w<0.4 : , 3, 1743
0.4<=w<0.6 : , 6, 95
0.6<=w<0.8 : , 42, 1784
0.8<=w<=1 : , 2566, 112
epoch, 104
IH, 0.71885, HO, 0.876485
-1<=w<-0.8 : 7628, 409
-0.8<=w<-0.6 : , 81, 2168
-0.6<=w<-0.4 : , 0, 400
-0.4<=w<-0.2 : , 0, 2028
-0.2<=w<0 : , 0, 231
0<=w<-0.2 : , , 1, 66
0.2<=w<0.4 : , 4, 1743
0.4<=w<0.6 : , 7, 95
0.6<=w<0.8 : , 42, 1781
0.8<=w<=1 : , 2568, 112
epoch, 105
IH, 0.722853, HO, 0.868454
-1<=w<-0.8 : 7653, 395
-0.8<=w<-0.6 : , 83, 2166
-0.6<=w<-0.4 : , 0, 399
-0.4<=w<-0.2 : , 0, 2026
-0.2<=w<0 : , 0, 232
0<=w<-0.2 : , , 1, 66
0.2<=w<0.4 : , 4, 1743
0.4<=w<0.6 : , 7, 95
0.6<=w<0.8 : , 42, 1780
0.8<=w<=1 : , 2568, 114
epoch, 106
IH, 0.727569, HO, 0.86409
-1<=w<-0.8 : 7652, 399
-0.8<=w<-0.6 : , 85, 2168
-0.6<=w<-0.4 : , 0, 399
-0.4<=w<-0.2 : , 0, 2026
-0.2<=w<0 : , 0, 232
0<=w<-0.2 : , , 1, 66
0.2<=w<0.4 : , 4, 1743
0.4<=w<0.6 : , 8, 95
0.6<=w<0.8 : , 41, 1780
0.8<=w<=1 : , 2567, 113
epoch, 107
IH, 0.757785, HO, 0.863565
-1<=w<-0.8 : 7658, 407
-0.8<=w<-0.6 : , 80, 2168
-0.6<=w<-0.4 : , 0, 398
-0.4<=w<-0.2 : , 0, 2026
-0.2<=w<0 : , 0, 231
0<=w<-0.2 : , , 1, 66
0.2<=w<0.4 : , 4, 1743
0.4<=w<0.6 : , 7, 94
0.6<=w<0.8 : , 42, 1779
0.8<=w<=1 : , 2567, 113
epoch, 108
IH, 0.740035, HO, 0.873552
-1<=w<-0.8 : 7697, 386
-0.8<=w<-0.6 : , 79, 2165
-0.6<=w<-0.4 : , 0, 396
-0.4<=w<-0.2 : , 0, 2025
-0.2<=w<0 : , 0, 231
0<=w<-0.2 : , , 1, 66
0.2<=w<0.4 : , 4, 1742
0.4<=w<0.6 : , 6, 93
0.6<=w<0.8 : , 43, 1778
0.8<=w<=1 : , 2568, 113
epoch, 109
IH, 0.695286, HO, 0.854466
-1<=w<-0.8 : 7684, 409
-0.8<=w<-0.6 : , 81, 2163
-0.6<=w<-0.4 : , 0, 396
-0.4<=w<-0.2 : , 0, 2026
-0.2<=w<0 : , 0, 230
0<=w<-0.2 : , , 1, 66
0.2<=w<0.4 : , 4, 1742
0.4<=w<0.6 : , 6, 93
0.6<=w<0.8 : , 43, 1778
0.8<=w<=1 : , 2565, 113
epoch, 110
IH, 0.689537, HO, 0.839825
-1<=w<-0.8 : 7725, 380
-0.8<=w<-0.6 : , 83, 2164
-0.6<=w<-0.4 : , 0, 395
-0.4<=w<-0.2 : , 0, 2024
-0.2<=w<0 : , 0, 230
0<=w<-0.2 : , , 1, 66
0.2<=w<0.4 : , 4, 1740
0.4<=w<0.6 : , 7, 93
0.6<=w<0.8 : , 42, 1776
0.8<=w<=1 : , 2566, 112
epoch, 111
IH, 0.688153, HO, 0.841758
-1<=w<-0.8 : 7709, 408
-0.8<=w<-0.6 : , 82, 2162
-0.6<=w<-0.4 : , 0, 394
-0.4<=w<-0.2 : , 0, 2024
-0.2<=w<0 : , 0, 230
0<=w<-0.2 : , , 1, 66
0.2<=w<0.4 : , 4, 1740
0.4<=w<0.6 : , 7, 93
0.6<=w<0.8 : , 42, 1776
0.8<=w<=1 : , 2567, 110
epoch, 112
IH, 0.710866, HO, 0.849937
-1<=w<-0.8 : 7750, 380
-0.8<=w<-0.6 : , 80, 2164
-0.6<=w<-0.4 : , 0, 394
-0.4<=w<-0.2 : , 0, 2024
-0.2<=w<0 : , 0, 229
0<=w<-0.2 : , , 1, 66
0.2<=w<0.4 : , 4, 1740
0.4<=w<0.6 : , 6, 93
0.6<=w<0.8 : , 44, 1774
0.8<=w<=1 : , 2564, 111
epoch, 113
IH, 0.720532, HO, 0.848985
-1<=w<-0.8 : 7737, 402
-0.8<=w<-0.6 : , 82, 2163
-0.6<=w<-0.4 : , 0, 392
-0.4<=w<-0.2 : , 0, 2024
-0.2<=w<0 : , 0, 229
0<=w<-0.2 : , , 1, 66
0.2<=w<0.4 : , 4, 1740
0.4<=w<0.6 : , 7, 93
0.6<=w<0.8 : , 43, 1771
0.8<=w<=1 : , 2563, 111
epoch, 114
IH, 0.741811, HO, 0.854313
-1<=w<-0.8 : 7741, 406
-0.8<=w<-0.6 : , 83, 2163
-0.6<=w<-0.4 : , 0, 392
-0.4<=w<-0.2 : , 0, 2024
-0.2<=w<0 : , 0, 229
0<=w<-0.2 : , , 1, 66
0.2<=w<0.4 : , 4, 1740
0.4<=w<0.6 : , 6, 93
0.6<=w<0.8 : , 44, 1770
0.8<=w<=1 : , 2560, 112
epoch, 115
IH, 0.734496, HO, 0.869135
-1<=w<-0.8 : 7746, 418
-0.8<=w<-0.6 : , 81, 2159
-0.6<=w<-0.4 : , 0, 392
-0.4<=w<-0.2 : , 0, 2021
-0.2<=w<0 : , 0, 229
0<=w<-0.2 : , , 1, 66
0.2<=w<0.4 : , 4, 1740
0.4<=w<0.6 : , 6, 93
0.6<=w<0.8 : , 43, 1769
0.8<=w<=1 : , 2560, 112
epoch, 116
IH, 0.725714, HO, 0.852585
-1<=w<-0.8 : 7764, 406
-0.8<=w<-0.6 : , 81, 2159
-0.6<=w<-0.4 : , 0, 391
-0.4<=w<-0.2 : , 0, 2021
-0.2<=w<0 : , 0, 230
0<=w<-0.2 : , , 1, 66
0.2<=w<0.4 : , 4, 1740
0.4<=w<0.6 : , 6, 93
0.6<=w<0.8 : , 43, 1769
0.8<=w<=1 : , 2558, 110
epoch, 117
IH, 0.736842, HO, 0.849081
-1<=w<-0.8 : 7793, 390
-0.8<=w<-0.6 : , 82, 2157
-0.6<=w<-0.4 : , 0, 391
-0.4<=w<-0.2 : , 0, 2021
-0.2<=w<0 : , 0, 230
0<=w<-0.2 : , , 1, 66
0.2<=w<0.4 : , 4, 1740
0.4<=w<0.6 : , 6, 93
0.6<=w<0.8 : , 43, 1768
0.8<=w<=1 : , 2557, 110
epoch, 118
IH, 0.726744, HO, 0.852396
-1<=w<-0.8 : 7816, 380
-0.8<=w<-0.6 : , 81, 2155
-0.6<=w<-0.4 : , 0, 391
-0.4<=w<-0.2 : , 0, 2021
-0.2<=w<0 : , 0, 230
0<=w<-0.2 : , , 1, 66
0.2<=w<0.4 : , 4, 1740
0.4<=w<0.6 : , 6, 93
0.6<=w<0.8 : , 43, 1768
0.8<=w<=1 : , 2558, 111
epoch, 119
IH, 0.730994, HO, 0.855957
-1<=w<-0.8 : 7832, 379
-0.8<=w<-0.6 : , 81, 2152
-0.6<=w<-0.4 : , 0, 391
-0.4<=w<-0.2 : , 0, 2019
-0.2<=w<0 : , 0, 230
0<=w<-0.2 : , , 1, 66
0.2<=w<0.4 : , 4, 1739
0.4<=w<0.6 : , 6, 93
0.6<=w<0.8 : , 43, 1768
0.8<=w<=1 : , 2556, 110
epoch, 120
IH, 0.705323, HO, 0.861164
-1<=w<-0.8 : 7845, 380
-0.8<=w<-0.6 : , 81, 2148
-0.6<=w<-0.4 : , 0, 391
-0.4<=w<-0.2 : , 0, 2019
-0.2<=w<0 : , 0, 230
0<=w<-0.2 : , , 1, 66
0.2<=w<0.4 : , 5, 1739
0.4<=w<0.6 : , 6, 93
0.6<=w<0.8 : , 43, 1768
0.8<=w<=1 : , 2556, 113
epoch, 121
IH, 0.730693, HO, 0.870679
-1<=w<-0.8 : 7846, 390
-0.8<=w<-0.6 : , 82, 2148
-0.6<=w<-0.4 : , 0, 390
-0.4<=w<-0.2 : , 0, 2016
-0.2<=w<0 : , 0, 229
0<=w<-0.2 : , , 1, 66
0.2<=w<0.4 : , 5, 1739
0.4<=w<0.6 : , 6, 93
0.6<=w<0.8 : , 43, 1769
0.8<=w<=1 : , 2555, 113
epoch, 122
IH, 0.730315, HO, 0.850368
-1<=w<-0.8 : 7855, 387
-0.8<=w<-0.6 : , 82, 2148
-0.6<=w<-0.4 : , 0, 390
-0.4<=w<-0.2 : , 0, 2016
-0.2<=w<0 : , 0, 229
0<=w<-0.2 : , , 1, 66
0.2<=w<0.4 : , 5, 1739
0.4<=w<0.6 : , 6, 93
0.6<=w<0.8 : , 43, 1769
0.8<=w<=1 : , 2556, 112
epoch, 123
IH, 0.730994, HO, 0.856224
-1<=w<-0.8 : 7844, 407
-0.8<=w<-0.6 : , 82, 2148
-0.6<=w<-0.4 : , 0, 390
-0.4<=w<-0.2 : , 0, 2013
-0.2<=w<0 : , 0, 229
0<=w<-0.2 : , , 1, 66
0.2<=w<0.4 : , 5, 1739
0.4<=w<0.6 : , 6, 93
0.6<=w<0.8 : , 43, 1769
0.8<=w<=1 : , 2554, 111
epoch, 124
IH, 0.760163, HO, 0.853432
-1<=w<-0.8 : 7876, 387
-0.8<=w<-0.6 : , 82, 2148
-0.6<=w<-0.4 : , 0, 389
-0.4<=w<-0.2 : , 0, 2013
-0.2<=w<0 : , 0, 229
0<=w<-0.2 : , , 1, 66
0.2<=w<0.4 : , 5, 1739
0.4<=w<0.6 : , 6, 93
0.6<=w<0.8 : , 44, 1768
0.8<=w<=1 : , 2553, 110
epoch, 125
IH, 0.734653, HO, 0.851152
-1<=w<-0.8 : 7882, 384
-0.8<=w<-0.6 : , 83, 2149
-0.6<=w<-0.4 : , 0, 389
-0.4<=w<-0.2 : , 0, 2013
-0.2<=w<0 : , 0, 229
0<=w<-0.2 : , , 1, 66
0.2<=w<0.4 : , 5, 1738
0.4<=w<0.6 : , 6, 93
0.6<=w<0.8 : , 43, 1768
0.8<=w<=1 : , 2558, 110
epoch, 1
IH, 0.56298, HO, 0.567627
-1<=w<-0.8 : 3403, 1081
-0.8<=w<-0.6 : , 22, 2039
-0.6<=w<-0.4 : , 0, 198
-0.4<=w<-0.2 : , 0, 1925
-0.2<=w<0 : , 0, 1262
0<=w<-0.2 : , , 0, 1964
0.2<=w<0.4 : , 0, 1591
0.4<=w<0.6 : , 1, 85
0.6<=w<0.8 : , 39, 1583
0.8<=w<=1 : , 2389, 870
epoch, 2
IH, 0.525232, HO, 0.515886
-1<=w<-0.8 : 3494, 1053
-0.8<=w<-0.6 : , 26, 2084
-0.6<=w<-0.4 : , 0, 216
-0.4<=w<-0.2 : , 0, 1957
-0.2<=w<0 : , 0, 1293
0<=w<-0.2 : , , 0, 1974
0.2<=w<0.4 : , 0, 1623
0.4<=w<0.6 : , 1, 90
0.6<=w<0.8 : , 40, 1610
0.8<=w<=1 : , 2433, 881
epoch, 3
IH, 0.492025, HO, 0.499395
-1<=w<-0.8 : 3514, 1054
-0.8<=w<-0.6 : , 28, 2103
-0.6<=w<-0.4 : , 0, 222
-0.4<=w<-0.2 : , 0, 1961
-0.2<=w<0 : , 0, 1308
0<=w<-0.2 : , , 0, 1974
0.2<=w<0.4 : , 0, 1637
0.4<=w<0.6 : , 2, 90
0.6<=w<0.8 : , 46, 1620
0.8<=w<=1 : , 2441, 886
epoch, 4
IH, 0.480437, HO, 0.487472
-1<=w<-0.8 : 3523, 1059
-0.8<=w<-0.6 : , 29, 2111
-0.6<=w<-0.4 : , 0, 228
-0.4<=w<-0.2 : , 0, 1968
-0.2<=w<0 : , 0, 1322
0<=w<-0.2 : , , 0, 1975
0.2<=w<0.4 : , 0, 1637
0.4<=w<0.6 : , 2, 91
0.6<=w<0.8 : , 49, 1625
0.8<=w<=1 : , 2447, 884
epoch, 5
IH, 0.44845, HO, 0.467797
-1<=w<-0.8 : 3539, 1059
-0.8<=w<-0.6 : , 31, 2118
-0.6<=w<-0.4 : , 0, 233
-0.4<=w<-0.2 : , 0, 1969
-0.2<=w<0 : , 0, 1325
0<=w<-0.2 : , , 0, 1973
0.2<=w<0.4 : , 0, 1640
0.4<=w<0.6 : , 2, 90
0.6<=w<0.8 : , 50, 1629
0.8<=w<=1 : , 2447, 885
epoch, 6
IH, 0.422673, HO, 0.457232
-1<=w<-0.8 : 3543, 1064
-0.8<=w<-0.6 : , 34, 2124
-0.6<=w<-0.4 : , 0, 237
-0.4<=w<-0.2 : , 0, 1970
-0.2<=w<0 : , 0, 1325
0<=w<-0.2 : , , 0, 1973
0.2<=w<0.4 : , 0, 1640
0.4<=w<0.6 : , 3, 91
0.6<=w<0.8 : , 54, 1631
0.8<=w<=1 : , 2447, 883
epoch, 7
IH, 0.408618, HO, 0.4426
-1<=w<-0.8 : 3550, 1057
-0.8<=w<-0.6 : , 42, 2127
-0.6<=w<-0.4 : , 1, 238
-0.4<=w<-0.2 : , 0, 1971
-0.2<=w<0 : , 0, 1329
0<=w<-0.2 : , , 0, 1971
0.2<=w<0.4 : , 1, 1642
0.4<=w<0.6 : , 4, 90
0.6<=w<0.8 : , 58, 1636
0.8<=w<=1 : , 2448, 887
epoch, 8
IH, 0.378378, HO, 0.415544
-1<=w<-0.8 : 3557, 1056
-0.8<=w<-0.6 : , 45, 2127
-0.6<=w<-0.4 : , 1, 238
-0.4<=w<-0.2 : , 0, 1971
-0.2<=w<0 : , 0, 1329
0<=w<-0.2 : , , 0, 1971
0.2<=w<0.4 : , 1, 1640
0.4<=w<0.6 : , 4, 92
0.6<=w<0.8 : , 60, 1638
0.8<=w<=1 : , 2449, 885
epoch, 9
IH, 0.354575, HO, 0.4043
-1<=w<-0.8 : 3569, 1053
-0.8<=w<-0.6 : , 47, 2128
-0.6<=w<-0.4 : , 1, 240
-0.4<=w<-0.2 : , 0, 1975
-0.2<=w<0 : , 0, 1329
0<=w<-0.2 : , , 1, 1973
0.2<=w<0.4 : , 1, 1639
0.4<=w<0.6 : , 5, 94
0.6<=w<0.8 : , 62, 1642
0.8<=w<=1 : , 2448, 882
epoch, 10
IH, 0.343478, HO, 0.389569
-1<=w<-0.8 : 3576, 1055
-0.8<=w<-0.6 : , 50, 2130
-0.6<=w<-0.4 : , 1, 241
-0.4<=w<-0.2 : , 0, 1975
-0.2<=w<0 : , 0, 1329
0<=w<-0.2 : , , 1, 1971
0.2<=w<0.4 : , 1, 1640
0.4<=w<0.6 : , 4, 95
0.6<=w<0.8 : , 63, 1645
0.8<=w<=1 : , 2452, 884
epoch, 11
IH, 0.346332, HO, 0.374733
-1<=w<-0.8 : 3580, 1056
-0.8<=w<-0.6 : , 53, 2129
-0.6<=w<-0.4 : , 1, 244
-0.4<=w<-0.2 : , 0, 1971
-0.2<=w<0 : , 0, 1331
0<=w<-0.2 : , , 1, 1971
0.2<=w<0.4 : , 1, 1640
0.4<=w<0.6 : , 6, 96
0.6<=w<0.8 : , 63, 1645
0.8<=w<=1 : , 2451, 885
epoch, 12
IH, 0.333012, HO, 0.359081
-1<=w<-0.8 : 3583, 1054
-0.8<=w<-0.6 : , 57, 2131
-0.6<=w<-0.4 : , 2, 244
-0.4<=w<-0.2 : , 0, 1973
-0.2<=w<0 : , 0, 1329
0<=w<-0.2 : , , 1, 1971
0.2<=w<0.4 : , 1, 1640
0.4<=w<0.6 : , 6, 97
0.6<=w<0.8 : , 65, 1646
0.8<=w<=1 : , 2453, 885
epoch, 13
IH, 0.322866, HO, 0.34833
-1<=w<-0.8 : 3593, 1050
-0.8<=w<-0.6 : , 60, 2132
-0.6<=w<-0.4 : , 2, 244
-0.4<=w<-0.2 : , 0, 1972
-0.2<=w<0 : , 0, 1330
0<=w<-0.2 : , , 1, 1971
0.2<=w<0.4 : , 1, 1640
0.4<=w<0.6 : , 6, 97
0.6<=w<0.8 : , 67, 1644
0.8<=w<=1 : , 2450, 885
epoch, 14
IH, 0.310241, HO, 0.337466
-1<=w<-0.8 : 3606, 1040
-0.8<=w<-0.6 : , 64, 2133
-0.6<=w<-0.4 : , 3, 244
-0.4<=w<-0.2 : , 0, 1972
-0.2<=w<0 : , 0, 1331
0<=w<-0.2 : , , 1, 1970
0.2<=w<0.4 : , 1, 1638
0.4<=w<0.6 : , 7, 97
0.6<=w<0.8 : , 68, 1644
0.8<=w<=1 : , 2448, 883
epoch, 15
IH, 0.339751, HO, 0.332981
-1<=w<-0.8 : 3611, 1040
-0.8<=w<-0.6 : , 68, 2132
-0.6<=w<-0.4 : , 4, 244
-0.4<=w<-0.2 : , 0, 1975
-0.2<=w<0 : , 0, 1329
0<=w<-0.2 : , , 1, 1970
0.2<=w<0.4 : , 1, 1636
0.4<=w<0.6 : , 7, 98
0.6<=w<0.8 : , 68, 1645
0.8<=w<=1 : , 2447, 882
epoch, 16
IH, 0.327626, HO, 0.317931
-1<=w<-0.8 : 3614, 1045
-0.8<=w<-0.6 : , 68, 2132
-0.6<=w<-0.4 : , 4, 245
-0.4<=w<-0.2 : , 0, 1974
-0.2<=w<0 : , 0, 1329
0<=w<-0.2 : , , 1, 1969
0.2<=w<0.4 : , 1, 1636
0.4<=w<0.6 : , 8, 98
0.6<=w<0.8 : , 67, 1645
0.8<=w<=1 : , 2447, 881
epoch, 17
IH, 0.324009, HO, 0.315864
-1<=w<-0.8 : 3618, 1045
-0.8<=w<-0.6 : , 74, 2131
-0.6<=w<-0.4 : , 4, 246
-0.4<=w<-0.2 : , 0, 1973
-0.2<=w<0 : , 0, 1328
0<=w<-0.2 : , , 1, 1968
0.2<=w<0.4 : , 1, 1636
0.4<=w<0.6 : , 8, 98
0.6<=w<0.8 : , 67, 1645
0.8<=w<=1 : , 2447, 881
epoch, 18
IH, 0.333742, HO, 0.313753
-1<=w<-0.8 : 3624, 1040
-0.8<=w<-0.6 : , 78, 2130
-0.6<=w<-0.4 : , 4, 247
-0.4<=w<-0.2 : , 0, 1973
-0.2<=w<0 : , 0, 1326
0<=w<-0.2 : , , 1, 1968
0.2<=w<0.4 : , 2, 1636
0.4<=w<0.6 : , 8, 98
0.6<=w<0.8 : , 67, 1644
0.8<=w<=1 : , 2447, 881
epoch, 19
IH, 0.332506, HO, 0.311411
-1<=w<-0.8 : 3626, 1044
-0.8<=w<-0.6 : , 80, 2130
-0.6<=w<-0.4 : , 4, 248
-0.4<=w<-0.2 : , 0, 1972
-0.2<=w<0 : , 0, 1327
0<=w<-0.2 : , , 1, 1968
0.2<=w<0.4 : , 2, 1635
0.4<=w<0.6 : , 7, 98
0.6<=w<0.8 : , 68, 1644
0.8<=w<=1 : , 2447, 881
epoch, 20
IH, 0.298387, HO, 0.299824
-1<=w<-0.8 : 3634, 1043
-0.8<=w<-0.6 : , 82, 2129
-0.6<=w<-0.4 : , 4, 250
-0.4<=w<-0.2 : , 0, 1976
-0.2<=w<0 : , 1, 1328
0<=w<-0.2 : , , 0, 1967
0.2<=w<0.4 : , 2, 1636
0.4<=w<0.6 : , 9, 99
0.6<=w<0.8 : , 69, 1644
0.8<=w<=1 : , 2446, 881
epoch, 21
IH, 0.286203, HO, 0.283443
-1<=w<-0.8 : 3633, 1046
-0.8<=w<-0.6 : , 88, 2132
-0.6<=w<-0.4 : , 4, 250
-0.4<=w<-0.2 : , 1, 1977
-0.2<=w<0 : , 1, 1326
0<=w<-0.2 : , , 0, 1967
0.2<=w<0.4 : , 2, 1636
0.4<=w<0.6 : , 8, 99
0.6<=w<0.8 : , 71, 1643
0.8<=w<=1 : , 2448, 877
epoch, 22
IH, 0.287787, HO, 0.286633
-1<=w<-0.8 : 3645, 1045
-0.8<=w<-0.6 : , 89, 2131
-0.6<=w<-0.4 : , 4, 251
-0.4<=w<-0.2 : , 1, 1976
-0.2<=w<0 : , 1, 1326
0<=w<-0.2 : , , 0, 1968
0.2<=w<0.4 : , 2, 1635
0.4<=w<0.6 : , 10, 99
0.6<=w<0.8 : , 69, 1642
0.8<=w<=1 : , 2448, 877
epoch, 23
IH, 0.299223, HO, 0.290841
-1<=w<-0.8 : 3654, 1041
-0.8<=w<-0.6 : , 95, 2129
-0.6<=w<-0.4 : , 4, 250
-0.4<=w<-0.2 : , 1, 1975
-0.2<=w<0 : , 1, 1327
0<=w<-0.2 : , , 0, 1965
0.2<=w<0.4 : , 2, 1635
0.4<=w<0.6 : , 10, 99
0.6<=w<0.8 : , 70, 1644
0.8<=w<=1 : , 2447, 878
epoch, 24
IH, 0.300792, HO, 0.289513
-1<=w<-0.8 : 3658, 1040
-0.8<=w<-0.6 : , 98, 2128
-0.6<=w<-0.4 : , 4, 252
-0.4<=w<-0.2 : , 1, 1974
-0.2<=w<0 : , 1, 1325
0<=w<-0.2 : , , 0, 1965
0.2<=w<0.4 : , 2, 1636
0.4<=w<0.6 : , 9, 100
0.6<=w<0.8 : , 71, 1643
0.8<=w<=1 : , 2447, 878
epoch, 25
IH, 0.278954, HO, 0.274108
-1<=w<-0.8 : 3669, 1039
-0.8<=w<-0.6 : , 102, 2129
-0.6<=w<-0.4 : , 4, 254
-0.4<=w<-0.2 : , 1, 1972
-0.2<=w<0 : , 1, 1324
0<=w<-0.2 : , , 0, 1965
0.2<=w<0.4 : , 2, 1636
0.4<=w<0.6 : , 8, 100
0.6<=w<0.8 : , 72, 1641
0.8<=w<=1 : , 2448, 877
epoch, 26
IH, 0.305949, HO, 0.287356
-1<=w<-0.8 : 3675, 1038
-0.8<=w<-0.6 : , 105, 2129
-0.6<=w<-0.4 : , 5, 254
-0.4<=w<-0.2 : , 1, 1974
-0.2<=w<0 : , 1, 1323
0<=w<-0.2 : , , 0, 1965
0.2<=w<0.4 : , 2, 1635
0.4<=w<0.6 : , 10, 100
0.6<=w<0.8 : , 69, 1641
0.8<=w<=1 : , 2449, 878
epoch, 27
IH, 0.290809, HO, 0.292237
-1<=w<-0.8 : 3680, 1038
-0.8<=w<-0.6 : , 109, 2129
-0.6<=w<-0.4 : , 4, 254
-0.4<=w<-0.2 : , 1, 1975
-0.2<=w<0 : , 1, 1324
0<=w<-0.2 : , , 0, 1965
0.2<=w<0.4 : , 2, 1635
0.4<=w<0.6 : , 11, 100
0.6<=w<0.8 : , 68, 1641
0.8<=w<=1 : , 2448, 876
epoch, 28
IH, 0.287075, HO, 0.282032
-1<=w<-0.8 : 3682, 1037
-0.8<=w<-0.6 : , 117, 2129
-0.6<=w<-0.4 : , 4, 252
-0.4<=w<-0.2 : , 1, 1974
-0.2<=w<0 : , 1, 1325
0<=w<-0.2 : , , 0, 1965
0.2<=w<0.4 : , 2, 1635
0.4<=w<0.6 : , 11, 100
0.6<=w<0.8 : , 69, 1641
0.8<=w<=1 : , 2447, 875
epoch, 29
IH, 0.279195, HO, 0.280029
-1<=w<-0.8 : 3687, 1038
-0.8<=w<-0.6 : , 119, 2129
-0.6<=w<-0.4 : , 4, 251
-0.4<=w<-0.2 : , 1, 1974
-0.2<=w<0 : , 1, 1325
0<=w<-0.2 : , , 0, 1965
0.2<=w<0.4 : , 2, 1635
0.4<=w<0.6 : , 11, 100
0.6<=w<0.8 : , 69, 1642
0.8<=w<=1 : , 2445, 874
epoch, 30
IH, 0.293944, HO, 0.285006
-1<=w<-0.8 : 3695, 1039
-0.8<=w<-0.6 : , 117, 2129
-0.6<=w<-0.4 : , 4, 252
-0.4<=w<-0.2 : , 1, 1973
-0.2<=w<0 : , 1, 1326
0<=w<-0.2 : , , 0, 1966
0.2<=w<0.4 : , 2, 1634
0.4<=w<0.6 : , 11, 100
0.6<=w<0.8 : , 70, 1643
0.8<=w<=1 : , 2445, 874
epoch, 31
IH, 0.287373, HO, 0.272051
-1<=w<-0.8 : 3704, 1037
-0.8<=w<-0.6 : , 118, 2130
-0.6<=w<-0.4 : , 4, 253
-0.4<=w<-0.2 : , 1, 1972
-0.2<=w<0 : , 1, 1326
0<=w<-0.2 : , , 0, 1966
0.2<=w<0.4 : , 2, 1635
0.4<=w<0.6 : , 11, 100
0.6<=w<0.8 : , 69, 1642
0.8<=w<=1 : , 2444, 874
epoch, 32
IH, 0.296353, HO, 0.268557
-1<=w<-0.8 : 3709, 1036
-0.8<=w<-0.6 : , 125, 2129
-0.6<=w<-0.4 : , 5, 255
-0.4<=w<-0.2 : , 1, 1969
-0.2<=w<0 : , 1, 1326
0<=w<-0.2 : , , 0, 1966
0.2<=w<0.4 : , 2, 1635
0.4<=w<0.6 : , 12, 100
0.6<=w<0.8 : , 68, 1642
0.8<=w<=1 : , 2445, 874
epoch, 33
IH, 0.30031, HO, 0.259232
-1<=w<-0.8 : 3721, 1033
-0.8<=w<-0.6 : , 129, 2128
-0.6<=w<-0.4 : , 5, 255
-0.4<=w<-0.2 : , 1, 1969
-0.2<=w<0 : , 0, 1324
0<=w<-0.2 : , , 1, 1966
0.2<=w<0.4 : , 2, 1634
0.4<=w<0.6 : , 12, 100
0.6<=w<0.8 : , 68, 1641
0.8<=w<=1 : , 2445, 874
epoch, 34
IH, 0.311582, HO, 0.263455
-1<=w<-0.8 : 3722, 1033
-0.8<=w<-0.6 : , 132, 2127
-0.6<=w<-0.4 : , 5, 255
-0.4<=w<-0.2 : , 1, 1969
-0.2<=w<0 : , 0, 1325
0<=w<-0.2 : , , 1, 1965
0.2<=w<0.4 : , 2, 1634
0.4<=w<0.6 : , 13, 100
0.6<=w<0.8 : , 68, 1641
0.8<=w<=1 : , 2443, 874
epoch, 35
IH, 0.288644, HO, 0.267228
-1<=w<-0.8 : 3729, 1035
-0.8<=w<-0.6 : , 134, 2124
-0.6<=w<-0.4 : , 6, 255
-0.4<=w<-0.2 : , 1, 1968
-0.2<=w<0 : , 0, 1325
0<=w<-0.2 : , , 1, 1964
0.2<=w<0.4 : , 2, 1633
0.4<=w<0.6 : , 11, 100
0.6<=w<0.8 : , 70, 1640
0.8<=w<=1 : , 2443, 873
epoch, 36
IH, 0.29983, HO, 0.268914
-1<=w<-0.8 : 3735, 1036
-0.8<=w<-0.6 : , 135, 2124
-0.6<=w<-0.4 : , 6, 257
-0.4<=w<-0.2 : , 1, 1967
-0.2<=w<0 : , 0, 1324
0<=w<-0.2 : , , 1, 1965
0.2<=w<0.4 : , 2, 1634
0.4<=w<0.6 : , 11, 100
0.6<=w<0.8 : , 71, 1640
0.8<=w<=1 : , 2443, 873
epoch, 37
IH, 0.27907, HO, 0.271526
-1<=w<-0.8 : 3740, 1036
-0.8<=w<-0.6 : , 140, 2124
-0.6<=w<-0.4 : , 6, 257
-0.4<=w<-0.2 : , 1, 1967
-0.2<=w<0 : , 0, 1323
0<=w<-0.2 : , , 1, 1965
0.2<=w<0.4 : , 2, 1634
0.4<=w<0.6 : , 11, 100
0.6<=w<0.8 : , 70, 1640
0.8<=w<=1 : , 2444, 873
epoch, 38
IH, 0.267974, HO, 0.258627
-1<=w<-0.8 : 3743, 1037
-0.8<=w<-0.6 : , 142, 2124
-0.6<=w<-0.4 : , 6, 259
-0.4<=w<-0.2 : , 1, 1965
-0.2<=w<0 : , 0, 1323
0<=w<-0.2 : , , 1, 1965
0.2<=w<0.4 : , 2, 1634
0.4<=w<0.6 : , 10, 100
0.6<=w<0.8 : , 71, 1640
0.8<=w<=1 : , 2443, 874
epoch, 39
IH, 0.253499, HO, 0.262403
-1<=w<-0.8 : 3740, 1037
-0.8<=w<-0.6 : , 150, 2122
-0.6<=w<-0.4 : , 6, 259
-0.4<=w<-0.2 : , 1, 1963
-0.2<=w<0 : , 0, 1323
0<=w<-0.2 : , , 1, 1964
0.2<=w<0.4 : , 2, 1634
0.4<=w<0.6 : , 11, 100
0.6<=w<0.8 : , 73, 1640
0.8<=w<=1 : , 2442, 874
epoch, 40
IH, 0.241018, HO, 0.245776
-1<=w<-0.8 : 3746, 1036
-0.8<=w<-0.6 : , 148, 2122
-0.6<=w<-0.4 : , 7, 259
-0.4<=w<-0.2 : , 1, 1963
-0.2<=w<0 : , 0, 1323
0<=w<-0.2 : , , 1, 1963
0.2<=w<0.4 : , 2, 1634
0.4<=w<0.6 : , 11, 100
0.6<=w<0.8 : , 74, 1640
0.8<=w<=1 : , 2441, 874
epoch, 41
IH, 0.24, HO, 0.243847
-1<=w<-0.8 : 3753, 1035
-0.8<=w<-0.6 : , 150, 2121
-0.6<=w<-0.4 : , 7, 259
-0.4<=w<-0.2 : , 1, 1963
-0.2<=w<0 : , 0, 1323
0<=w<-0.2 : , , 1, 1963
0.2<=w<0.4 : , 2, 1634
0.4<=w<0.6 : , 11, 100
0.6<=w<0.8 : , 72, 1640
0.8<=w<=1 : , 2443, 875
epoch, 42
IH, 0.220414, HO, 0.222182
-1<=w<-0.8 : 3761, 1032
-0.8<=w<-0.6 : , 152, 2121
-0.6<=w<-0.4 : , 7, 259
-0.4<=w<-0.2 : , 1, 1962
-0.2<=w<0 : , 0, 1323
0<=w<-0.2 : , , 1, 1963
0.2<=w<0.4 : , 2, 1634
0.4<=w<0.6 : , 11, 100
0.6<=w<0.8 : , 73, 1640
0.8<=w<=1 : , 2443, 875
epoch, 43
IH, 0.202997, HO, 0.21211
-1<=w<-0.8 : 3765, 1031
-0.8<=w<-0.6 : , 160, 2120
-0.6<=w<-0.4 : , 7, 259
-0.4<=w<-0.2 : , 1, 1962
-0.2<=w<0 : , 2, 1323
0<=w<-0.2 : , , 1, 1963
0.2<=w<0.4 : , 2, 1634
0.4<=w<0.6 : , 10, 100
0.6<=w<0.8 : , 74, 1640
0.8<=w<=1 : , 2443, 875
epoch, 44
IH, 0.2411, HO, 0.225141
-1<=w<-0.8 : 3772, 1031
-0.8<=w<-0.6 : , 159, 2120
-0.6<=w<-0.4 : , 7, 258
-0.4<=w<-0.2 : , 2, 1961
-0.2<=w<0 : , 1, 1322
0<=w<-0.2 : , , 1, 1962
0.2<=w<0.4 : , 3, 1634
0.4<=w<0.6 : , 10, 100
0.6<=w<0.8 : , 74, 1640
0.8<=w<=1 : , 2443, 875
epoch, 45
IH, 0.247039, HO, 0.218843
-1<=w<-0.8 : 3780, 1031
-0.8<=w<-0.6 : , 166, 2121
-0.6<=w<-0.4 : , 7, 258
-0.4<=w<-0.2 : , 2, 1961
-0.2<=w<0 : , 1, 1322
0<=w<-0.2 : , , 1, 1961
0.2<=w<0.4 : , 3, 1632
0.4<=w<0.6 : , 11, 100
0.6<=w<0.8 : , 74, 1638
0.8<=w<=1 : , 2443, 875
epoch, 46
IH, 0.215247, HO, 0.207917
-1<=w<-0.8 : 3783, 1030
-0.8<=w<-0.6 : , 170, 2120
-0.6<=w<-0.4 : , 8, 259
-0.4<=w<-0.2 : , 2, 1962
-0.2<=w<0 : , 1, 1322
0<=w<-0.2 : , , 1, 1961
0.2<=w<0.4 : , 3, 1632
0.4<=w<0.6 : , 12, 100
0.6<=w<0.8 : , 73, 1638
0.8<=w<=1 : , 2443, 876
epoch, 47
IH, 0.225753, HO, 0.216075
-1<=w<-0.8 : 3790, 1030
-0.8<=w<-0.6 : , 167, 2120
-0.6<=w<-0.4 : , 8, 259
-0.4<=w<-0.2 : , 2, 1963
-0.2<=w<0 : , 1, 1323
0<=w<-0.2 : , , 1, 1961
0.2<=w<0.4 : , 3, 1633
0.4<=w<0.6 : , 12, 100
0.6<=w<0.8 : , 74, 1638
0.8<=w<=1 : , 2443, 876
epoch, 48
IH, 0.215947, HO, 0.213145
-1<=w<-0.8 : 3797, 1028
-0.8<=w<-0.6 : , 169, 2120
-0.6<=w<-0.4 : , 8, 259
-0.4<=w<-0.2 : , 2, 1964
-0.2<=w<0 : , 1, 1321
0<=w<-0.2 : , , 1, 1961
0.2<=w<0.4 : , 3, 1634
0.4<=w<0.6 : , 12, 100
0.6<=w<0.8 : , 73, 1638
0.8<=w<=1 : , 2444, 876
epoch, 49
IH, 0.222037, HO, 0.212223
-1<=w<-0.8 : 3810, 1026
-0.8<=w<-0.6 : , 169, 2119
-0.6<=w<-0.4 : , 8, 259
-0.4<=w<-0.2 : , 2, 1963
-0.2<=w<0 : , 1, 1321
0<=w<-0.2 : , , 1, 1960
0.2<=w<0.4 : , 3, 1634
0.4<=w<0.6 : , 12, 100
0.6<=w<0.8 : , 73, 1637
0.8<=w<=1 : , 2444, 876
epoch, 50
IH, 0.202922, HO, 0.206947
-1<=w<-0.8 : 3814, 1023
-0.8<=w<-0.6 : , 174, 2119
-0.6<=w<-0.4 : , 8, 259
-0.4<=w<-0.2 : , 2, 1963
-0.2<=w<0 : , 1, 1321
0<=w<-0.2 : , , 1, 1960
0.2<=w<0.4 : , 3, 1633
0.4<=w<0.6 : , 11, 100
0.6<=w<0.8 : , 74, 1637
0.8<=w<=1 : , 2445, 876
epoch, 51
IH, 0.194704, HO, 0.197708
-1<=w<-0.8 : 3826, 1023
-0.8<=w<-0.6 : , 173, 2118
-0.6<=w<-0.4 : , 8, 259
-0.4<=w<-0.2 : , 2, 1963
-0.2<=w<0 : , 1, 1319
0<=w<-0.2 : , , 1, 1958
0.2<=w<0.4 : , 3, 1633
0.4<=w<0.6 : , 11, 100
0.6<=w<0.8 : , 76, 1635
0.8<=w<=1 : , 2441, 876
epoch, 52
IH, 0.173729, HO, 0.195105
-1<=w<-0.8 : 3830, 1024
-0.8<=w<-0.6 : , 175, 2117
-0.6<=w<-0.4 : , 8, 259
-0.4<=w<-0.2 : , 2, 1963
-0.2<=w<0 : , 1, 1320
0<=w<-0.2 : , , 1, 1957
0.2<=w<0.4 : , 3, 1633
0.4<=w<0.6 : , 12, 100
0.6<=w<0.8 : , 76, 1635
0.8<=w<=1 : , 2439, 876
epoch, 53
IH, 0.168975, HO, 0.199355
-1<=w<-0.8 : 3830, 1029
-0.8<=w<-0.6 : , 178, 2117
-0.6<=w<-0.4 : , 9, 259
-0.4<=w<-0.2 : , 2, 1963
-0.2<=w<0 : , 1, 1319
0<=w<-0.2 : , , 1, 1957
0.2<=w<0.4 : , 4, 1631
0.4<=w<0.6 : , 12, 100
0.6<=w<0.8 : , 76, 1634
0.8<=w<=1 : , 2438, 876
epoch, 54
IH, 0.165768, HO, 0.192498
-1<=w<-0.8 : 3839, 1028
-0.8<=w<-0.6 : , 180, 2118
-0.6<=w<-0.4 : , 9, 259
-0.4<=w<-0.2 : , 2, 1961
-0.2<=w<0 : , 1, 1319
0<=w<-0.2 : , , 1, 1956
0.2<=w<0.4 : , 4, 1631
0.4<=w<0.6 : , 13, 100
0.6<=w<0.8 : , 76, 1633
0.8<=w<=1 : , 2439, 876
epoch, 55
IH, 0.177196, HO, 0.191319
-1<=w<-0.8 : 3848, 1028
-0.8<=w<-0.6 : , 178, 2118
-0.6<=w<-0.4 : , 10, 260
-0.4<=w<-0.2 : , 2, 1959
-0.2<=w<0 : , 1, 1320
0<=w<-0.2 : , , 1, 1956
0.2<=w<0.4 : , 3, 1631
0.4<=w<0.6 : , 16, 100
0.6<=w<0.8 : , 74, 1633
0.8<=w<=1 : , 2438, 876
epoch, 56
IH, 0.190068, HO, 0.191369
-1<=w<-0.8 : 3851, 1027
-0.8<=w<-0.6 : , 185, 2117
-0.6<=w<-0.4 : , 9, 261
-0.4<=w<-0.2 : , 2, 1960
-0.2<=w<0 : , 1, 1321
0<=w<-0.2 : , , 1, 1955
0.2<=w<0.4 : , 3, 1630
0.4<=w<0.6 : , 16, 100
0.6<=w<0.8 : , 74, 1633
0.8<=w<=1 : , 2438, 876
epoch, 57
IH, 0.190801, HO, 0.188932
-1<=w<-0.8 : 3852, 1028
-0.8<=w<-0.6 : , 195, 2116
-0.6<=w<-0.4 : , 9, 260
-0.4<=w<-0.2 : , 2, 1960
-0.2<=w<0 : , 1, 1322
0<=w<-0.2 : , , 1, 1955
0.2<=w<0.4 : , 3, 1630
0.4<=w<0.6 : , 17, 100
0.6<=w<0.8 : , 73, 1633
0.8<=w<=1 : , 2437, 873
epoch, 58
IH, 0.170347, HO, 0.189709
-1<=w<-0.8 : 3864, 1028
-0.8<=w<-0.6 : , 188, 2115
-0.6<=w<-0.4 : , 9, 260
-0.4<=w<-0.2 : , 2, 1960
-0.2<=w<0 : , 1, 1321
0<=w<-0.2 : , , 1, 1955
0.2<=w<0.4 : , 3, 1630
0.4<=w<0.6 : , 17, 100
0.6<=w<0.8 : , 73, 1632
0.8<=w<=1 : , 2437, 873
epoch, 59
IH, 0.149441, HO, 0.183573
-1<=w<-0.8 : 3869, 1027
-0.8<=w<-0.6 : , 191, 2114
-0.6<=w<-0.4 : , 8, 261
-0.4<=w<-0.2 : , 2, 1958
-0.2<=w<0 : , 1, 1321
0<=w<-0.2 : , , 1, 1955
0.2<=w<0.4 : , 4, 1630
0.4<=w<0.6 : , 17, 100
0.6<=w<0.8 : , 73, 1630
0.8<=w<=1 : , 2437, 873
epoch, 60
IH, 0.196565, HO, 0.187203
-1<=w<-0.8 : 3869, 1027
-0.8<=w<-0.6 : , 196, 2113
-0.6<=w<-0.4 : , 9, 262
-0.4<=w<-0.2 : , 2, 1958
-0.2<=w<0 : , 1, 1320
0<=w<-0.2 : , , 1, 1955
0.2<=w<0.4 : , 4, 1630
0.4<=w<0.6 : , 17, 100
0.6<=w<0.8 : , 74, 1631
0.8<=w<=1 : , 2438, 873
epoch, 61
IH, 0.199601, HO, 0.191689
-1<=w<-0.8 : 3869, 1029
-0.8<=w<-0.6 : , 196, 2113
-0.6<=w<-0.4 : , 9, 262
-0.4<=w<-0.2 : , 2, 1958
-0.2<=w<0 : , 1, 1320
0<=w<-0.2 : , , 1, 1955
0.2<=w<0.4 : , 4, 1630
0.4<=w<0.6 : , 18, 100
0.6<=w<0.8 : , 73, 1631
0.8<=w<=1 : , 2437, 873
epoch, 62
IH, 0.180769, HO, 0.191148
-1<=w<-0.8 : 3873, 1028
-0.8<=w<-0.6 : , 200, 2113
-0.6<=w<-0.4 : , 9, 262
-0.4<=w<-0.2 : , 2, 1958
-0.2<=w<0 : , 2, 1320
0<=w<-0.2 : , , 0, 1955
0.2<=w<0.4 : , 4, 1630
0.4<=w<0.6 : , 19, 100
0.6<=w<0.8 : , 72, 1631
0.8<=w<=1 : , 2437, 873
epoch, 63
IH, 0.186583, HO, 0.193536
-1<=w<-0.8 : 3877, 1028
-0.8<=w<-0.6 : , 199, 2113
-0.6<=w<-0.4 : , 10, 262
-0.4<=w<-0.2 : , 2, 1957
-0.2<=w<0 : , 2, 1320
0<=w<-0.2 : , , 0, 1955
0.2<=w<0.4 : , 4, 1630
0.4<=w<0.6 : , 19, 100
0.6<=w<0.8 : , 73, 1632
0.8<=w<=1 : , 2436, 873
epoch, 64
IH, 0.178357, HO, 0.181582
-1<=w<-0.8 : 3882, 1027
-0.8<=w<-0.6 : , 202, 2112
-0.6<=w<-0.4 : , 10, 263
-0.4<=w<-0.2 : , 2, 1954
-0.2<=w<0 : , 2, 1319
0<=w<-0.2 : , , 0, 1955
0.2<=w<0.4 : , 4, 1631
0.4<=w<0.6 : , 18, 100
0.6<=w<0.8 : , 75, 1632
0.8<=w<=1 : , 2436, 873
epoch, 65
IH, 0.159004, HO, 0.173819
-1<=w<-0.8 : 3881, 1029
-0.8<=w<-0.6 : , 213, 2113
-0.6<=w<-0.4 : , 10, 263
-0.4<=w<-0.2 : , 2, 1954
-0.2<=w<0 : , 1, 1319
0<=w<-0.2 : , , 1, 1953
0.2<=w<0.4 : , 4, 1630
0.4<=w<0.6 : , 18, 100
0.6<=w<0.8 : , 75, 1631
0.8<=w<=1 : , 2435, 873
epoch, 66
IH, 0.158965, HO, 0.167254
-1<=w<-0.8 : 3885, 1029
-0.8<=w<-0.6 : , 214, 2110
-0.6<=w<-0.4 : , 10, 263
-0.4<=w<-0.2 : , 2, 1954
-0.2<=w<0 : , 1, 1318
0<=w<-0.2 : , , 1, 1953
0.2<=w<0.4 : , 5, 1630
0.4<=w<0.6 : , 17, 100
0.6<=w<0.8 : , 75, 1631
0.8<=w<=1 : , 2434, 873
epoch, 67
IH, 0.16499, HO, 0.166608
-1<=w<-0.8 : 3893, 1029
-0.8<=w<-0.6 : , 214, 2110
-0.6<=w<-0.4 : , 10, 263
-0.4<=w<-0.2 : , 2, 1953
-0.2<=w<0 : , 1, 1318
0<=w<-0.2 : , , 1, 1952
0.2<=w<0.4 : , 5, 1630
0.4<=w<0.6 : , 18, 100
0.6<=w<0.8 : , 75, 1631
0.8<=w<=1 : , 2434, 873
epoch, 68
IH, 0.151341, HO, 0.163387
-1<=w<-0.8 : 3898, 1027
-0.8<=w<-0.6 : , 216, 2108
-0.6<=w<-0.4 : , 10, 263
-0.4<=w<-0.2 : , 2, 1952
-0.2<=w<0 : , 1, 1317
0<=w<-0.2 : , , 1, 1952
0.2<=w<0.4 : , 5, 1630
0.4<=w<0.6 : , 18, 100
0.6<=w<0.8 : , 75, 1632
0.8<=w<=1 : , 2434, 873
epoch, 69
IH, 0.158954, HO, 0.161525
-1<=w<-0.8 : 3907, 1026
-0.8<=w<-0.6 : , 218, 2108
-0.6<=w<-0.4 : , 10, 263
-0.4<=w<-0.2 : , 2, 1952
-0.2<=w<0 : , 1, 1317
0<=w<-0.2 : , , 1, 1952
0.2<=w<0.4 : , 6, 1630
0.4<=w<0.6 : , 18, 100
0.6<=w<0.8 : , 74, 1630
0.8<=w<=1 : , 2435, 872
epoch, 70
IH, 0.15261, HO, 0.160947
-1<=w<-0.8 : 3913, 1025
-0.8<=w<-0.6 : , 222, 2107
-0.6<=w<-0.4 : , 10, 263
-0.4<=w<-0.2 : , 2, 1951
-0.2<=w<0 : , 1, 1317
0<=w<-0.2 : , , 1, 1952
0.2<=w<0.4 : , 6, 1629
0.4<=w<0.6 : , 17, 100
0.6<=w<0.8 : , 76, 1629
0.8<=w<=1 : , 2434, 872
epoch, 71
IH, 0.143137, HO, 0.157459
-1<=w<-0.8 : 3915, 1026
-0.8<=w<-0.6 : , 226, 2107
-0.6<=w<-0.4 : , 10, 263
-0.4<=w<-0.2 : , 2, 1951
-0.2<=w<0 : , 1, 1317
0<=w<-0.2 : , , 1, 1952
0.2<=w<0.4 : , 5, 1629
0.4<=w<0.6 : , 18, 100
0.6<=w<0.8 : , 75, 1629
0.8<=w<=1 : , 2435, 872
epoch, 72
IH, 0.146388, HO, 0.153661
-1<=w<-0.8 : 3917, 1027
-0.8<=w<-0.6 : , 227, 2107
-0.6<=w<-0.4 : , 10, 263
-0.4<=w<-0.2 : , 2, 1951
-0.2<=w<0 : , 1, 1318
0<=w<-0.2 : , , 1, 1951
0.2<=w<0.4 : , 5, 1629
0.4<=w<0.6 : , 18, 100
0.6<=w<0.8 : , 75, 1629
0.8<=w<=1 : , 2435, 872
epoch, 73
IH, 0.170455, HO, 0.159051
-1<=w<-0.8 : 3919, 1027
-0.8<=w<-0.6 : , 232, 2105
-0.6<=w<-0.4 : , 10, 263
-0.4<=w<-0.2 : , 2, 1951
-0.2<=w<0 : , 1, 1317
0<=w<-0.2 : , , 1, 1951
0.2<=w<0.4 : , 5, 1629
0.4<=w<0.6 : , 17, 100
0.6<=w<0.8 : , 78, 1629
0.8<=w<=1 : , 2436, 872
epoch, 74
IH, 0.164444, HO, 0.160568
-1<=w<-0.8 : 3920, 1027
-0.8<=w<-0.6 : , 239, 2104
-0.6<=w<-0.4 : , 10, 263
-0.4<=w<-0.2 : , 2, 1951
-0.2<=w<0 : , 1, 1317
0<=w<-0.2 : , , 1, 1951
0.2<=w<0.4 : , 5, 1629
0.4<=w<0.6 : , 17, 100
0.6<=w<0.8 : , 79, 1629
0.8<=w<=1 : , 2435, 871
epoch, 75
IH, 0.152893, HO, 0.155336
-1<=w<-0.8 : 3919, 1025
-0.8<=w<-0.6 : , 248, 2104
-0.6<=w<-0.4 : , 10, 262
-0.4<=w<-0.2 : , 3, 1952
-0.2<=w<0 : , 0, 1317
0<=w<-0.2 : , , 1, 1951
0.2<=w<0.4 : , 6, 1628
0.4<=w<0.6 : , 17, 100
0.6<=w<0.8 : , 78, 1629
0.8<=w<=1 : , 2435, 871
epoch, 76
IH, 0.148148, HO, 0.155093
-1<=w<-0.8 : 3923, 1023
-0.8<=w<-0.6 : , 253, 2104
-0.6<=w<-0.4 : , 9, 263
-0.4<=w<-0.2 : , 2, 1952
-0.2<=w<0 : , 1, 1316
0<=w<-0.2 : , , 1, 1950
0.2<=w<0.4 : , 5, 1628
0.4<=w<0.6 : , 18, 100
0.6<=w<0.8 : , 78, 1629
0.8<=w<=1 : , 2435, 871
epoch, 77
IH, 0.143725, HO, 0.152407
-1<=w<-0.8 : 3923, 1024
-0.8<=w<-0.6 : , 255, 2103
-0.6<=w<-0.4 : , 10, 263
-0.4<=w<-0.2 : , 2, 1952
-0.2<=w<0 : , 1, 1316
0<=w<-0.2 : , , 1, 1950
0.2<=w<0.4 : , 5, 1627
0.4<=w<0.6 : , 18, 100
0.6<=w<0.8 : , 78, 1628
0.8<=w<=1 : , 2434, 871
epoch, 78
IH, 0.135397, HO, 0.153874
-1<=w<-0.8 : 3926, 1022
-0.8<=w<-0.6 : , 265, 2103
-0.6<=w<-0.4 : , 10, 263
-0.4<=w<-0.2 : , 2, 1952
-0.2<=w<0 : , 1, 1315
0<=w<-0.2 : , , 1, 1949
0.2<=w<0.4 : , 4, 1626
0.4<=w<0.6 : , 19, 100
0.6<=w<0.8 : , 79, 1628
0.8<=w<=1 : , 2429, 871
epoch, 79
IH, 0.137787, HO, 0.153819
-1<=w<-0.8 : 3930, 1021
-0.8<=w<-0.6 : , 266, 2102
-0.6<=w<-0.4 : , 10, 263
-0.4<=w<-0.2 : , 2, 1952
-0.2<=w<0 : , 1, 1316
0<=w<-0.2 : , , 1, 1948
0.2<=w<0.4 : , 4, 1626
0.4<=w<0.6 : , 19, 100
0.6<=w<0.8 : , 79, 1628
0.8<=w<=1 : , 2429, 871
epoch, 80
IH, 0.134298, HO, 0.153518
-1<=w<-0.8 : 3933, 1018
-0.8<=w<-0.6 : , 270, 2102
-0.6<=w<-0.4 : , 10, 264
-0.4<=w<-0.2 : , 2, 1951
-0.2<=w<0 : , 1, 1315
0<=w<-0.2 : , , 1, 1948
0.2<=w<0.4 : , 5, 1626
0.4<=w<0.6 : , 19, 100
0.6<=w<0.8 : , 79, 1628
0.8<=w<=1 : , 2428, 871
epoch, 81
IH, 0.138593, HO, 0.149735
-1<=w<-0.8 : 3934, 1019
-0.8<=w<-0.6 : , 272, 2102
-0.6<=w<-0.4 : , 10, 264
-0.4<=w<-0.2 : , 2, 1951
-0.2<=w<0 : , 1, 1316
0<=w<-0.2 : , , 1, 1948
0.2<=w<0.4 : , 6, 1626
0.4<=w<0.6 : , 19, 100
0.6<=w<0.8 : , 78, 1628
0.8<=w<=1 : , 2428, 871
epoch, 82
IH, 0.132296, HO, 0.146635
-1<=w<-0.8 : 3943, 1018
-0.8<=w<-0.6 : , 267, 2102
-0.6<=w<-0.4 : , 10, 264
-0.4<=w<-0.2 : , 2, 1950
-0.2<=w<0 : , 1, 1316
0<=w<-0.2 : , , 1, 1948
0.2<=w<0.4 : , 6, 1626
0.4<=w<0.6 : , 19, 100
0.6<=w<0.8 : , 79, 1628
0.8<=w<=1 : , 2427, 871
epoch, 83
IH, 0.123077, HO, 0.145638
-1<=w<-0.8 : 3948, 1018
-0.8<=w<-0.6 : , 270, 2100
-0.6<=w<-0.4 : , 10, 264
-0.4<=w<-0.2 : , 2, 1949
-0.2<=w<0 : , 1, 1316
0<=w<-0.2 : , , 1, 1948
0.2<=w<0.4 : , 5, 1625
0.4<=w<0.6 : , 20, 100
0.6<=w<0.8 : , 77, 1628
0.8<=w<=1 : , 2428, 871
epoch, 84
IH, 0.141531, HO, 0.147222
-1<=w<-0.8 : 3953, 1019
-0.8<=w<-0.6 : , 273, 2099
-0.6<=w<-0.4 : , 10, 264
-0.4<=w<-0.2 : , 2, 1948
-0.2<=w<0 : , 1, 1316
0<=w<-0.2 : , , 1, 1948
0.2<=w<0.4 : , 6, 1625
0.4<=w<0.6 : , 21, 100
0.6<=w<0.8 : , 77, 1628
0.8<=w<=1 : , 2428, 871
epoch, 85
IH, 0.146172, HO, 0.154255
-1<=w<-0.8 : 3958, 1020
-0.8<=w<-0.6 : , 274, 2097
-0.6<=w<-0.4 : , 10, 264
-0.4<=w<-0.2 : , 2, 1947
-0.2<=w<0 : , 1, 1316
0<=w<-0.2 : , , 1, 1946
0.2<=w<0.4 : , 6, 1625
0.4<=w<0.6 : , 21, 100
0.6<=w<0.8 : , 77, 1628
0.8<=w<=1 : , 2427, 871
epoch, 86
IH, 0.139269, HO, 0.152384
-1<=w<-0.8 : 3966, 1019
-0.8<=w<-0.6 : , 273, 2098
-0.6<=w<-0.4 : , 10, 264
-0.4<=w<-0.2 : , 2, 1946
-0.2<=w<0 : , 1, 1316
0<=w<-0.2 : , , 3, 1945
0.2<=w<0.4 : , 5, 1625
0.4<=w<0.6 : , 23, 100
0.6<=w<0.8 : , 76, 1628
0.8<=w<=1 : , 2426, 871
epoch, 87
IH, 0.15, HO, 0.155492
-1<=w<-0.8 : 3969, 1022
-0.8<=w<-0.6 : , 278, 2097
-0.6<=w<-0.4 : , 10, 264
-0.4<=w<-0.2 : , 2, 1946
-0.2<=w<0 : , 1, 1315
0<=w<-0.2 : , , 2, 1945
0.2<=w<0.4 : , 6, 1624
0.4<=w<0.6 : , 22, 100
0.6<=w<0.8 : , 79, 1628
0.8<=w<=1 : , 2425, 870
epoch, 88
IH, 0.143836, HO, 0.153846
-1<=w<-0.8 : 3971, 1020
-0.8<=w<-0.6 : , 281, 2097
-0.6<=w<-0.4 : , 10, 264
-0.4<=w<-0.2 : , 2, 1947
-0.2<=w<0 : , 1, 1314
0<=w<-0.2 : , , 2, 1945
0.2<=w<0.4 : , 5, 1624
0.4<=w<0.6 : , 22, 100
0.6<=w<0.8 : , 79, 1628
0.8<=w<=1 : , 2426, 870
epoch, 89
IH, 0.128205, HO, 0.146479
-1<=w<-0.8 : 3976, 1019
-0.8<=w<-0.6 : , 282, 2096
-0.6<=w<-0.4 : , 10, 265
-0.4<=w<-0.2 : , 2, 1947
-0.2<=w<0 : , 1, 1314
0<=w<-0.2 : , , 2, 1944
0.2<=w<0.4 : , 5, 1624
0.4<=w<0.6 : , 22, 100
0.6<=w<0.8 : , 79, 1628
0.8<=w<=1 : , 2426, 870
epoch, 90
IH, 0.147887, HO, 0.154813
-1<=w<-0.8 : 3994, 1021
-0.8<=w<-0.6 : , 275, 2096
-0.6<=w<-0.4 : , 10, 264
-0.4<=w<-0.2 : , 2, 1947
-0.2<=w<0 : , 1, 1314
0<=w<-0.2 : , , 2, 1943
0.2<=w<0.4 : , 5, 1624
0.4<=w<0.6 : , 22, 100
0.6<=w<0.8 : , 80, 1626
0.8<=w<=1 : , 2424, 870
epoch, 91
IH, 0.155172, HO, 0.147429
-1<=w<-0.8 : 3999, 1018
-0.8<=w<-0.6 : , 280, 2095
-0.6<=w<-0.4 : , 10, 264
-0.4<=w<-0.2 : , 2, 1946
-0.2<=w<0 : , 1, 1314
0<=w<-0.2 : , , 2, 1941
0.2<=w<0.4 : , 6, 1624
0.4<=w<0.6 : , 20, 100
0.6<=w<0.8 : , 82, 1626
0.8<=w<=1 : , 2424, 870
epoch, 92
IH, 0.136564, HO, 0.149623
-1<=w<-0.8 : 4002, 1019
-0.8<=w<-0.6 : , 282, 2095
-0.6<=w<-0.4 : , 10, 264
-0.4<=w<-0.2 : , 2, 1946
-0.2<=w<0 : , 1, 1314
0<=w<-0.2 : , , 2, 1941
0.2<=w<0.4 : , 6, 1624
0.4<=w<0.6 : , 20, 100
0.6<=w<0.8 : , 81, 1624
0.8<=w<=1 : , 2425, 870
epoch, 93
IH, 0.119192, HO, 0.147482
-1<=w<-0.8 : 4008, 1018
-0.8<=w<-0.6 : , 284, 2094
-0.6<=w<-0.4 : , 10, 263
-0.4<=w<-0.2 : , 2, 1946
-0.2<=w<0 : , 1, 1314
0<=w<-0.2 : , , 2, 1941
0.2<=w<0.4 : , 6, 1624
0.4<=w<0.6 : , 21, 100
0.6<=w<0.8 : , 80, 1624
0.8<=w<=1 : , 2424, 870
epoch, 94
IH, 0.140143, HO, 0.153065
-1<=w<-0.8 : 4009, 1018
-0.8<=w<-0.6 : , 286, 2094
-0.6<=w<-0.4 : , 10, 263
-0.4<=w<-0.2 : , 2, 1946
-0.2<=w<0 : , 1, 1313
0<=w<-0.2 : , , 2, 1941
0.2<=w<0.4 : , 6, 1624
0.4<=w<0.6 : , 21, 100
0.6<=w<0.8 : , 81, 1623
0.8<=w<=1 : , 2424, 870
epoch, 95
IH, 0.137767, HO, 0.15311
-1<=w<-0.8 : 4016, 1018
-0.8<=w<-0.6 : , 283, 2093
-0.6<=w<-0.4 : , 11, 263
-0.4<=w<-0.2 : , 2, 1946
-0.2<=w<0 : , 1, 1313
0<=w<-0.2 : , , 2, 1941
0.2<=w<0.4 : , 6, 1624
0.4<=w<0.6 : , 20, 100
0.6<=w<0.8 : , 82, 1623
0.8<=w<=1 : , 2424, 870
epoch, 96
IH, 0.119342, HO, 0.145027
-1<=w<-0.8 : 4017, 1018
-0.8<=w<-0.6 : , 287, 2093
-0.6<=w<-0.4 : , 11, 263
-0.4<=w<-0.2 : , 2, 1946
-0.2<=w<0 : , 1, 1313
0<=w<-0.2 : , , 2, 1941
0.2<=w<0.4 : , 6, 1624
0.4<=w<0.6 : , 21, 100
0.6<=w<0.8 : , 84, 1623
0.8<=w<=1 : , 2421, 869
epoch, 97
IH, 0.133183, HO, 0.147583
-1<=w<-0.8 : 4017, 1017
-0.8<=w<-0.6 : , 294, 2092
-0.6<=w<-0.4 : , 11, 263
-0.4<=w<-0.2 : , 2, 1946
-0.2<=w<0 : , 1, 1313
0<=w<-0.2 : , , 2, 1941
0.2<=w<0.4 : , 6, 1624
0.4<=w<0.6 : , 21, 100
0.6<=w<0.8 : , 84, 1622
0.8<=w<=1 : , 2420, 869
epoch, 98
IH, 0.133484, HO, 0.145547
-1<=w<-0.8 : 4026, 1016
-0.8<=w<-0.6 : , 295, 2090
-0.6<=w<-0.4 : , 12, 263
-0.4<=w<-0.2 : , 2, 1946
-0.2<=w<0 : , 1, 1313
0<=w<-0.2 : , , 2, 1941
0.2<=w<0.4 : , 7, 1624
0.4<=w<0.6 : , 22, 100
0.6<=w<0.8 : , 83, 1621
0.8<=w<=1 : , 2419, 869
epoch, 99
IH, 0.119048, HO, 0.140064
-1<=w<-0.8 : 4034, 1015
-0.8<=w<-0.6 : , 296, 2089
-0.6<=w<-0.4 : , 12, 263
-0.4<=w<-0.2 : , 2, 1946
-0.2<=w<0 : , 2, 1313
0<=w<-0.2 : , , 2, 1941
0.2<=w<0.4 : , 7, 1623
0.4<=w<0.6 : , 22, 100
0.6<=w<0.8 : , 84, 1620
0.8<=w<=1 : , 2418, 869
epoch, 100
IH, 0.134259, HO, 0.142805
-1<=w<-0.8 : 4035, 1015
-0.8<=w<-0.6 : , 299, 2088
-0.6<=w<-0.4 : , 14, 263
-0.4<=w<-0.2 : , 2, 1946
-0.2<=w<0 : , 2, 1313
0<=w<-0.2 : , , 2, 1940
0.2<=w<0.4 : , 7, 1623
0.4<=w<0.6 : , 22, 100
0.6<=w<0.8 : , 85, 1620
0.8<=w<=1 : , 2417, 869
epoch, 101
IH, 0.122363, HO, 0.140058
-1<=w<-0.8 : 4037, 1014
-0.8<=w<-0.6 : , 305, 2088
-0.6<=w<-0.4 : , 14, 263
-0.4<=w<-0.2 : , 2, 1946
-0.2<=w<0 : , 2, 1311
0<=w<-0.2 : , , 2, 1940
0.2<=w<0.4 : , 7, 1623
0.4<=w<0.6 : , 22, 100
0.6<=w<0.8 : , 85, 1620
0.8<=w<=1 : , 2417, 868
epoch, 102
IH, 0.11811, HO, 0.134824
-1<=w<-0.8 : 4032, 1015
-0.8<=w<-0.6 : , 310, 2088
-0.6<=w<-0.4 : , 14, 263
-0.4<=w<-0.2 : , 2, 1946
-0.2<=w<0 : , 1, 1312
0<=w<-0.2 : , , 3, 1940
0.2<=w<0.4 : , 7, 1623
0.4<=w<0.6 : , 22, 100
0.6<=w<0.8 : , 86, 1620
0.8<=w<=1 : , 2416, 868
epoch, 103
IH, 0.130045, HO, 0.131382
-1<=w<-0.8 : 4033, 1014
-0.8<=w<-0.6 : , 314, 2088
-0.6<=w<-0.4 : , 14, 263
-0.4<=w<-0.2 : , 2, 1947
-0.2<=w<0 : , 1, 1311
0<=w<-0.2 : , , 3, 1939
0.2<=w<0.4 : , 7, 1623
0.4<=w<0.6 : , 24, 100
0.6<=w<0.8 : , 85, 1620
0.8<=w<=1 : , 2416, 867
epoch, 104
IH, 0.127983, HO, 0.135704
-1<=w<-0.8 : 4037, 1014
-0.8<=w<-0.6 : , 317, 2088
-0.6<=w<-0.4 : , 14, 263
-0.4<=w<-0.2 : , 2, 1947
-0.2<=w<0 : , 1, 1311
0<=w<-0.2 : , , 3, 1939
0.2<=w<0.4 : , 7, 1623
0.4<=w<0.6 : , 24, 100
0.6<=w<0.8 : , 85, 1620
0.8<=w<=1 : , 2415, 866
epoch, 105
IH, 0.112186, HO, 0.136036
-1<=w<-0.8 : 4039, 1014
-0.8<=w<-0.6 : , 319, 2089
-0.6<=w<-0.4 : , 14, 263
-0.4<=w<-0.2 : , 2, 1947
-0.2<=w<0 : , 1, 1311
0<=w<-0.2 : , , 3, 1938
0.2<=w<0.4 : , 6, 1623
0.4<=w<0.6 : , 26, 100
0.6<=w<0.8 : , 83, 1620
0.8<=w<=1 : , 2416, 866
epoch, 106
IH, 0.126338, HO, 0.145115
-1<=w<-0.8 : 4047, 1013
-0.8<=w<-0.6 : , 318, 2089
-0.6<=w<-0.4 : , 15, 264
-0.4<=w<-0.2 : , 2, 1945
-0.2<=w<0 : , 1, 1311
0<=w<-0.2 : , , 3, 1936
0.2<=w<0.4 : , 7, 1623
0.4<=w<0.6 : , 25, 100
0.6<=w<0.8 : , 83, 1620
0.8<=w<=1 : , 2416, 866
epoch, 107
IH, 0.123596, HO, 0.142008
-1<=w<-0.8 : 4048, 1014
-0.8<=w<-0.6 : , 324, 2088
-0.6<=w<-0.4 : , 15, 264
-0.4<=w<-0.2 : , 2, 1945
-0.2<=w<0 : , 1, 1311
0<=w<-0.2 : , , 3, 1935
0.2<=w<0.4 : , 7, 1622
0.4<=w<0.6 : , 26, 100
0.6<=w<0.8 : , 82, 1620
0.8<=w<=1 : , 2417, 865
epoch, 108
IH, 0.10757, HO, 0.140691
-1<=w<-0.8 : 4047, 1014
-0.8<=w<-0.6 : , 329, 2088
-0.6<=w<-0.4 : , 14, 264
-0.4<=w<-0.2 : , 2, 1945
-0.2<=w<0 : , 1, 1311
0<=w<-0.2 : , , 3, 1935
0.2<=w<0.4 : , 7, 1622
0.4<=w<0.6 : , 25, 100
0.6<=w<0.8 : , 85, 1620
0.8<=w<=1 : , 2415, 865
epoch, 109
IH, 0.11674, HO, 0.138947
-1<=w<-0.8 : 4057, 1013
-0.8<=w<-0.6 : , 327, 2087
-0.6<=w<-0.4 : , 14, 264
-0.4<=w<-0.2 : , 2, 1944
-0.2<=w<0 : , 1, 1311
0<=w<-0.2 : , , 3, 1935
0.2<=w<0.4 : , 7, 1622
0.4<=w<0.6 : , 25, 100
0.6<=w<0.8 : , 84, 1620
0.8<=w<=1 : , 2416, 865
epoch, 110
IH, 0.0866774, HO, 0.124674
-1<=w<-0.8 : 4059, 1013
-0.8<=w<-0.6 : , 326, 2087
-0.6<=w<-0.4 : , 15, 264
-0.4<=w<-0.2 : , 2, 1944
-0.2<=w<0 : , 2, 1311
0<=w<-0.2 : , , 2, 1934
0.2<=w<0.4 : , 7, 1622
0.4<=w<0.6 : , 25, 100
0.6<=w<0.8 : , 83, 1620
0.8<=w<=1 : , 2417, 865
epoch, 111
IH, 0.116631, HO, 0.136552
-1<=w<-0.8 : 4061, 1015
-0.8<=w<-0.6 : , 326, 2086
-0.6<=w<-0.4 : , 16, 264
-0.4<=w<-0.2 : , 2, 1943
-0.2<=w<0 : , 1, 1311
0<=w<-0.2 : , , 3, 1934
0.2<=w<0.4 : , 7, 1622
0.4<=w<0.6 : , 25, 100
0.6<=w<0.8 : , 83, 1619
0.8<=w<=1 : , 2415, 864
epoch, 112
IH, 0.0951557, HO, 0.132933
-1<=w<-0.8 : 4062, 1015
-0.8<=w<-0.6 : , 329, 2085
-0.6<=w<-0.4 : , 17, 264
-0.4<=w<-0.2 : , 2, 1943
-0.2<=w<0 : , 1, 1310
0<=w<-0.2 : , , 3, 1934
0.2<=w<0.4 : , 7, 1622
0.4<=w<0.6 : , 24, 100
0.6<=w<0.8 : , 83, 1619
0.8<=w<=1 : , 2415, 864
epoch, 113
IH, 0.113208, HO, 0.133356
-1<=w<-0.8 : 4071, 1013
-0.8<=w<-0.6 : , 334, 2083
-0.6<=w<-0.4 : , 18, 264
-0.4<=w<-0.2 : , 2, 1943
-0.2<=w<0 : , 2, 1310
0<=w<-0.2 : , , 2, 1934
0.2<=w<0.4 : , 7, 1622
0.4<=w<0.6 : , 26, 100
0.6<=w<0.8 : , 81, 1619
0.8<=w<=1 : , 2414, 863
epoch, 114
IH, 0.110664, HO, 0.13304
-1<=w<-0.8 : 4069, 1013
-0.8<=w<-0.6 : , 339, 2083
-0.6<=w<-0.4 : , 18, 264
-0.4<=w<-0.2 : , 2, 1943
-0.2<=w<0 : , 2, 1310
0<=w<-0.2 : , , 2, 1934
0.2<=w<0.4 : , 7, 1622
0.4<=w<0.6 : , 26, 100
0.6<=w<0.8 : , 84, 1619
0.8<=w<=1 : , 2412, 863
epoch, 115
IH, 0.122538, HO, 0.139896
-1<=w<-0.8 : 4071, 1013
-0.8<=w<-0.6 : , 340, 2083
-0.6<=w<-0.4 : , 19, 264
-0.4<=w<-0.2 : , 2, 1943
-0.2<=w<0 : , 2, 1310
0<=w<-0.2 : , , 2, 1934
0.2<=w<0.4 : , 7, 1622
0.4<=w<0.6 : , 26, 100
0.6<=w<0.8 : , 83, 1619
0.8<=w<=1 : , 2412, 862
epoch, 116
IH, 0.0964912, HO, 0.135343
-1<=w<-0.8 : 4073, 1012
-0.8<=w<-0.6 : , 348, 2082
-0.6<=w<-0.4 : , 19, 264
-0.4<=w<-0.2 : , 2, 1943
-0.2<=w<0 : , 1, 1310
0<=w<-0.2 : , , 3, 1934
0.2<=w<0.4 : , 7, 1620
0.4<=w<0.6 : , 26, 100
0.6<=w<0.8 : , 84, 1618
0.8<=w<=1 : , 2409, 862
epoch, 117
IH, 0.112832, HO, 0.143159
-1<=w<-0.8 : 4078, 1013
-0.8<=w<-0.6 : , 345, 2082
-0.6<=w<-0.4 : , 19, 265
-0.4<=w<-0.2 : , 2, 1943
-0.2<=w<0 : , 1, 1309
0<=w<-0.2 : , , 3, 1934
0.2<=w<0.4 : , 7, 1620
0.4<=w<0.6 : , 26, 100
0.6<=w<0.8 : , 84, 1618
0.8<=w<=1 : , 2408, 861
epoch, 118
IH, 0.108559, HO, 0.139338
-1<=w<-0.8 : 4085, 1013
-0.8<=w<-0.6 : , 344, 2082
-0.6<=w<-0.4 : , 19, 265
-0.4<=w<-0.2 : , 2, 1942
-0.2<=w<0 : , 1, 1307
0<=w<-0.2 : , , 3, 1933
0.2<=w<0.4 : , 7, 1620
0.4<=w<0.6 : , 27, 100
0.6<=w<0.8 : , 83, 1618
0.8<=w<=1 : , 2407, 861
epoch, 119
IH, 0.128319, HO, 0.135707
-1<=w<-0.8 : 4097, 1013
-0.8<=w<-0.6 : , 340, 2082
-0.6<=w<-0.4 : , 19, 265
-0.4<=w<-0.2 : , 2, 1942
-0.2<=w<0 : , 1, 1307
0<=w<-0.2 : , , 3, 1932
0.2<=w<0.4 : , 7, 1620
0.4<=w<0.6 : , 26, 100
0.6<=w<0.8 : , 85, 1618
0.8<=w<=1 : , 2405, 861
epoch, 120
IH, 0.110403, HO, 0.139915
-1<=w<-0.8 : 4102, 1014
-0.8<=w<-0.6 : , 337, 2082
-0.6<=w<-0.4 : , 19, 265
-0.4<=w<-0.2 : , 2, 1941
-0.2<=w<0 : , 1, 1307
0<=w<-0.2 : , , 3, 1932
0.2<=w<0.4 : , 7, 1620
0.4<=w<0.6 : , 27, 100
0.6<=w<0.8 : , 85, 1618
0.8<=w<=1 : , 2404, 861
epoch, 121
IH, 0.107368, HO, 0.138264
-1<=w<-0.8 : 4101, 1015
-0.8<=w<-0.6 : , 338, 2082
-0.6<=w<-0.4 : , 19, 265
-0.4<=w<-0.2 : , 2, 1941
-0.2<=w<0 : , 1, 1307
0<=w<-0.2 : , , 3, 1932
0.2<=w<0.4 : , 7, 1620
0.4<=w<0.6 : , 26, 100
0.6<=w<0.8 : , 86, 1618
0.8<=w<=1 : , 2404, 861
epoch, 122
IH, 0.101215, HO, 0.132337
-1<=w<-0.8 : 4095, 1017
-0.8<=w<-0.6 : , 348, 2082
-0.6<=w<-0.4 : , 19, 265
-0.4<=w<-0.2 : , 2, 1941
-0.2<=w<0 : , 1, 1306
0<=w<-0.2 : , , 3, 1932
0.2<=w<0.4 : , 7, 1620
0.4<=w<0.6 : , 27, 100
0.6<=w<0.8 : , 86, 1618
0.8<=w<=1 : , 2403, 860
epoch, 123
IH, 0.114865, HO, 0.131655
-1<=w<-0.8 : 4095, 1017
-0.8<=w<-0.6 : , 351, 2082
-0.6<=w<-0.4 : , 18, 265
-0.4<=w<-0.2 : , 2, 1941
-0.2<=w<0 : , 1, 1306
0<=w<-0.2 : , , 3, 1932
0.2<=w<0.4 : , 7, 1620
0.4<=w<0.6 : , 26, 100
0.6<=w<0.8 : , 85, 1618
0.8<=w<=1 : , 2405, 860
epoch, 124
IH, 0.114155, HO, 0.132195
-1<=w<-0.8 : 4099, 1017
-0.8<=w<-0.6 : , 349, 2082
-0.6<=w<-0.4 : , 18, 266
-0.4<=w<-0.2 : , 2, 1940
-0.2<=w<0 : , 1, 1306
0<=w<-0.2 : , , 3, 1932
0.2<=w<0.4 : , 7, 1620
0.4<=w<0.6 : , 26, 100
0.6<=w<0.8 : , 84, 1618
0.8<=w<=1 : , 2406, 860
epoch, 125
IH, 0.118483, HO, 0.131789
-1<=w<-0.8 : 4097, 1014
-0.8<=w<-0.6 : , 358, 2082
-0.6<=w<-0.4 : , 18, 266
-0.4<=w<-0.2 : , 2, 1940
-0.2<=w<0 : , 1, 1306
0<=w<-0.2 : , , 3, 1932
0.2<=w<0.4 : , 7, 1620
0.4<=w<0.6 : , 27, 100
0.6<=w<0.8 : , 82, 1618
0.8<=w<=1 : , 2406, 860
